Year,Event,Name,Medal,Gender,Country,Age,type
1931,Individual,Michał Sawicki,Gold,Unknown,Poland,Unknown,OUTDOOR
1931,Individual,Janina Kurkowska,Silver,Unknown,Poland,Unknown,OUTDOOR
1931,Individual,René Allexandre,Bronze,Unknown,France,Unknown,OUTDOOR
1932,Individual,Laurent Reth,Gold,Unknown,Belgium,Unknown,OUTDOOR
1932,Individual,Zbigniew Kosinski,Silver,Unknown,Poland,Unknown,OUTDOOR
1932,Individual,Janina Kurkowska,Bronze,Unknown,Poland,Unknown,OUTDOOR
1933,Men's individual,Donald MacKenzie,Gold,Male,States,Unknown,OUTDOOR
1933,Men's individual,Emil Heilborn,Silver,Male,Sweden,Unknown,OUTDOOR
1933,Men's individual,Georges de Rons,Bronze,Male,Belgium,Unknown,OUTDOOR
1933,Women's individual,Janina Kurkowska,Gold,Female,Poland,Unknown,OUTDOOR
1933,Women's individual,Louisa Sandford  Great Britain,Silver,Female,Britain,Unknown,OUTDOOR
1933,Women's individual,Marja Trajdosowna,Bronze,Female,Poland,Unknown,OUTDOOR
1934,Men's individual,Henry Kjelsson,Gold,Male,Sweden,Unknown,OUTDOOR
1934,Men's individual,Emil Heilborn,Silver,Male,Sweden,Unknown,OUTDOOR
1934,Men's individual,Oscar Kessels,Bronze,Male,Belgium,Unknown,OUTDOOR
1934,Women's individual,Janina Kurkowska,Gold,Female,Poland,Unknown,OUTDOOR
1934,Women's individual,Anna Moczulska,Silver,Female,Poland,Unknown,OUTDOOR
1934,Women's individual,Elsa Waldenström,Bronze,Female,Sweden,Unknown,OUTDOOR
1935,Men's individual,Adrien Van Kolen,Gold,Male,Belgium,Unknown,OUTDOOR
1935,Men's individual,Georges De Rons,Silver,Male,Belgium,Unknown,OUTDOOR
1935,Men's individual,Frans Walraevens,Bronze,Male,Belgium,Unknown,OUTDOOR
1935,Women's individual,Ina Catani,Gold,Female,Sweden,Unknown,OUTDOOR
1935,Women's individual,E. Atkinson  Great Britain,Silver,Female,Britain,Unknown,OUTDOOR
1935,Women's individual,Janina Kurkowska,Bronze,Female,Poland,Unknown,OUTDOOR
1936,Men's individual,Emil Heilborn,Gold,Male,Sweden,Unknown,OUTDOOR
1936,Men's individual,Georges De Rons,Silver,Male,Belgium,Unknown,OUTDOOR
1936,Men's individual,Jan Musilek  Czechoslovakia,Bronze,Male,Czechoslovakia,Unknown,OUTDOOR
1936,Women's individual,Janina Kurkowska,Gold,Female,Poland,Unknown,OUTDOOR
1936,Women's individual,Maria Pankow,Silver,Female,Poland,Unknown,OUTDOOR
1936,Women's individual,Ina Catani,Bronze,Female,Sweden,Unknown,OUTDOOR
1937,Men's individual,Georges De Rons,Gold,Male,Belgium,Unknown,OUTDOOR
1937,Men's individual,Feliks Majewski,Silver,Male,Poland,Unknown,OUTDOOR
1937,Men's individual,Oscar Kessels,Bronze,Male,Belgium,Unknown,OUTDOOR
1937,Women's individual,Erna Simon  Great Britain,Gold,Female,Britain,Unknown,OUTDOOR
1937,Women's individual,Irene Crupenninck,Silver,Female,France,Unknown,OUTDOOR
1937,Women's individual,Zofia Bunsch,Bronze,Female,Poland,Unknown,OUTDOOR
1938,Men's individual,František Hadaš I  Czechoslovakia,Gold,Male,Czechoslovakia,Unknown,OUTDOOR
1938,Men's individual,Feliks Majewski,Silver,Male,Poland,Unknown,OUTDOOR
1938,Men's individual,C. Smith  Great Britain,Bronze,Male,Britain,Unknown,OUTDOOR
1938,Women's individual,Nora Weston-Martyr  Great Britain  Louise Nettleton  Great Britain,Gold,Female,Britain,Unknown,OUTDOOR
1938,Women's individual,nan,Silver,Female,Unknown,Unknown,OUTDOOR
1938,Women's individual,Janina Kurkowska,Bronze,Female,Poland,Unknown,OUTDOOR
1939,Men's individual,Roger Beday,Gold,Male,France,Unknown,OUTDOOR
1939,Men's individual,Gaston Questemann,Silver,Male,France,Unknown,OUTDOOR
1939,Men's individual,A. H. Mole  Great Britain,Bronze,Male,Britain,Unknown,OUTDOOR
1939,Women's individual,Janina Kurkowska,Gold,Female,Poland,Unknown,OUTDOOR
1939,Women's individual,Natalia Szczycińska,Silver,Female,Poland,Unknown,OUTDOOR
1939,Women's individual,Louise Nettleton  Great Britain,Bronze,Female,Britain,Unknown,OUTDOOR
1946,Men's individual,Einar Tang-Holbeck,Gold,Male,Denmark,Unknown,OUTDOOR
1946,Men's individual,Hans Deutgen,Silver,Male,Sweden,Unknown,OUTDOOR
1946,Men's individual,Ove Hansen,Bronze,Male,Denmark,Unknown,OUTDOOR
1946,Women's individual,Petronella de Wharton-Burr  Great Britain,Gold,Female,Britain,Unknown,OUTDOOR
1946,Women's individual,Julia Stranne,Silver,Female,Sweden,Unknown,OUTDOOR
1946,Women's individual,Louise Nettleton  Great Britain,Bronze,Female,Britain,Unknown,OUTDOOR
1947,Men's individual,Hans Deutgen,Gold,Male,Sweden,Unknown,OUTDOOR
1947,Men's individual,Vaclav Karola,Silver,Male,Republic,Unknown,OUTDOOR
1947,Men's individual,Josef Brejcha  Czechoslovakia,Bronze,Male,Czechoslovakia,Unknown,OUTDOOR
1947,Women's individual,Janina Kurkowska,Gold,Female,Poland,Unknown,OUTDOOR
1947,Women's individual,Astrid Trølsen,Silver,Female,Denmark,Unknown,OUTDOOR
1947,Women's individual,Petronella de Wharton-Burr  Great Britain,Bronze,Female,Britain,Unknown,OUTDOOR
1948,Men's individual,Hans Deutgen,Gold,Male,Sweden,Unknown,OUTDOOR
1948,Men's individual,Einar Tang-Holbeck,Silver,Male,Denmark,Unknown,OUTDOOR
1948,Men's individual,Josef Brejcha  Czechoslovakia,Bronze,Male,Czechoslovakia,Unknown,OUTDOOR
1948,Women's individual,Petronella de Wharton-Burr  Great Britain,Gold,Female,Britain,Unknown,OUTDOOR
1948,Women's individual,Dana Picková  Czechoslovakia,Silver,Female,Czechoslovakia,Unknown,OUTDOOR
1948,Women's individual,Helena Sachová  Czechoslovakia,Bronze,Female,Czechoslovakia,Unknown,OUTDOOR
1949,Men's individual,Hans Deutgen,Gold,Male,Sweden,Unknown,OUTDOOR
1949,Men's individual,František Hadaš I  Czechoslovakia,Silver,Male,Czechoslovakia,Unknown,OUTDOOR
1949,Men's individual,Einar Tang-Holbeck,Bronze,Male,Denmark,Unknown,OUTDOOR
1949,Women's individual,Barbara Waterhouse  Great Britain,Gold,Female,Britain,Unknown,OUTDOOR
1949,Women's individual,Ragnhild Windahl,Silver,Female,Sweden,Unknown,OUTDOOR
1949,Women's individual,Trogie Fisher  Great Britain,Bronze,Female,Britain,Unknown,OUTDOOR
1950,Men's individual,Hans Deutgen,Gold,Male,Sweden,Unknown,OUTDOOR
1950,Men's individual,Einar Tang-Holbeck,Silver,Male,Denmark,Unknown,OUTDOOR
1950,Men's individual,Russ Reynolds,Bronze,Male,States,Unknown,OUTDOOR
1950,Women's individual,Jean Lee,Gold,Female,States,Unknown,OUTDOOR
1950,Women's individual,Jean Richards,Silver,Female,States,Unknown,OUTDOOR
1950,Women's individual,Ragnhild Windahl,Bronze,Female,Sweden,Unknown,OUTDOOR
1952,Men's individual,Stellan Andersson,Gold,Male,Sweden,Unknown,OUTDOOR
1952,Men's individual,Bror Lundgren,Silver,Male,Sweden,Unknown,OUTDOOR
1952,Men's individual,Einar Tang-Holbeck,Bronze,Male,Denmark,Unknown,OUTDOOR
1952,Women's individual,Jean Lee,Gold,Female,States,Unknown,OUTDOOR
1952,Women's individual,Jean Richards,Silver,Female,States,Unknown,OUTDOOR
1952,Women's individual,Dorothy Hinton  Great Britain[3],Bronze,Female,Unknown,Unknown,OUTDOOR
1954,Men's individual,Bror Lundgren,Gold,Male,Sweden,Unknown,OUTDOOR
1954,Men's individual,Einar Tang-Holbek,Silver,Male,Denmark,Unknown,OUTDOOR
1954,Men's individual,Carl-Eric Bissman,Bronze,Male,Sweden,Unknown,OUTDOOR
1954,Women's individual,Jean Richards,Gold,Female,States,Unknown,OUTDOOR
1954,Women's individual,Ilta-Meri Santaoja,Silver,Female,Finland,Unknown,OUTDOOR
1954,Women's individual,Jacqueline Lang,Bronze,Female,France,Unknown,OUTDOOR
1955,Men's individual,Nils Andersson,Gold,Male,Sweden,Unknown,OUTDOOR
1955,Men's individual,Robert Rhode,Silver,Male,States,Unknown,OUTDOOR
1955,Men's individual,Bertil Olsson,Bronze,Male,Sweden,Unknown,OUTDOOR
1955,Women's individual,Katarzyna Wisniowska,Gold,Female,Poland,Unknown,OUTDOOR
1955,Women's individual,Joyce Warner  Great Britain,Silver,Female,Britain,Unknown,OUTDOOR
1955,Women's individual,Impi Hartikainen,Bronze,Female,Finland,Unknown,OUTDOOR
1957,Men's individual,O. K. Smathers,Gold,Male,States,Unknown,OUTDOOR
1957,Men's individual,Joe Fries,Silver,Male,States,Unknown,OUTDOOR
1957,Men's individual,Sylvester Chessman,Bronze,Male,States,Unknown,OUTDOOR
1957,Women's individual,Carole Meinhart,Gold,Female,States,Unknown,OUTDOOR
1957,Women's individual,Ann Clark,Silver,Female,States,Unknown,OUTDOOR
1957,Women's individual,Betty Schmidt,Bronze,Female,States,Unknown,OUTDOOR
1958,Men's individual,Stig Thysell,Gold,Male,Sweden,Unknown,OUTDOOR
1958,Men's individual,Olavi Kallionpaä,Silver,Male,Finland,Unknown,OUTDOOR
1958,Men's individual,Roy Matthews  Great Britain,Bronze,Male,Britain,Unknown,OUTDOOR
1958,Women's individual,Sigrid Johansson,Gold,Female,Sweden,Unknown,OUTDOOR
1958,Women's individual,Ann Corby,Silver,Female,States,Unknown,OUTDOOR
1958,Women's individual,Carole Meinhart,Bronze,Female,States,Unknown,OUTDOOR
1959,Men's individual,James Caspers,Gold,Male,States,Unknown,OUTDOOR
1959,Men's individual,Robert Kadiee,Silver,Male,States,Unknown,OUTDOOR
1959,Men's individual,James Needey,Bronze,Male,States,Unknown,OUTDOOR
1959,Women's individual,Ann Corby,Gold,Female,States,Unknown,OUTDOOR
1959,Women's individual,Sigrid Johansson,Silver,Female,Sweden,Unknown,OUTDOOR
1959,Women's individual,Lucille Shine,Bronze,Female,States,Unknown,OUTDOOR
1961,Men's individual,Joe Thornton,Gold,Male,States,Unknown,OUTDOOR
1961,Men's individual,Clayton Sherman,Silver,Male,States,Unknown,OUTDOOR
1961,Men's individual,Jorma Sandelin,Bronze,Male,Finland,Unknown,OUTDOOR
1961,Women's individual,Nancy Vonderheide,Gold,Female,States,Unknown,OUTDOOR
1961,Women's individual,Laurie Fowler  Great Britain,Silver,Female,Britain,Unknown,OUTDOOR
1961,Women's individual,Bozena Deptova  Czechoslovakia,Bronze,Female,Czechoslovakia,Unknown,OUTDOOR
1963,Men's individual,Charles Sandlin,Gold,Male,States,Unknown,OUTDOOR
1963,Men's individual,Joe Thornton,Silver,Male,States,Unknown,OUTDOOR
1963,Men's individual,David Keaggy Jr.,Bronze,Male,States,Unknown,OUTDOOR
1963,Women's individual,Victoria Cook,Gold,Female,States,Unknown,OUTDOOR
1963,Women's individual,Nancy Vonderheide,Silver,Female,States,Unknown,OUTDOOR
1963,Women's individual,Marjatta Niemi,Bronze,Female,Finland,Unknown,OUTDOOR
1965,Men's individual,Matti Haikonen,Gold,Male,Finland,Unknown,OUTDOOR
1965,Men's individual,Joe Thornton,Silver,Male,States,Unknown,OUTDOOR
1965,Men's individual,Ben Walker,Bronze,Male,States,Unknown,OUTDOOR
1965,Women's individual,Maire Lindholm,Gold,Female,Finland,Unknown,OUTDOOR
1965,Women's individual,Anita Schlebusch,Silver,Female,Africa,Unknown,OUTDOOR
1965,Women's individual,Juliette Rijff,Bronze,Female,Africa,Unknown,OUTDOOR
1967,Men's individual,Ray Rogers,Gold,Male,States,Unknown,OUTDOOR
1967,Men's individual,Ian Dixon  Great Britain,Silver,Male,Britain,Unknown,OUTDOOR
1967,Men's individual,Hardy Ward,Bronze,Male,States,Unknown,OUTDOOR
1967,Women's individual,Maria Mączyńska,Gold,Female,Poland,Unknown,OUTDOOR
1967,Women's individual,Zofia Piskorek,Silver,Female,Poland,Unknown,OUTDOOR
1967,Women's individual,Irena Szydlowska,Bronze,Female,Poland,Unknown,OUTDOOR
1969,Men's individual,Hardy Ward,Gold,Male,States,Unknown,OUTDOOR
1969,Men's individual,John Williams,Silver,Male,States,Unknown,OUTDOOR
1969,Men's individual,Graeme Telford,Bronze,Male,Australia,Unknown,OUTDOOR
1969,Women's individual,Dorothy Lidstone,Gold,Female,Canada,Unknown,OUTDOOR
1969,Women's individual,Doreen Wilber,Silver,Female,States,Unknown,OUTDOOR
1969,Women's individual,Nina Kozina  Soviet Union,Bronze,Female,Union,Unknown,OUTDOOR
1971,Men's individual,John Williams,Gold,Male,States,Unknown,OUTDOOR
1971,Men's individual,Kyösti Laasonen,Silver,Male,Finland,Unknown,OUTDOOR
1971,Men's individual,Wayne Pullen,Bronze,Male,Canada,Unknown,OUTDOOR
1971,Women's individual,Emma Gapchenko  Soviet Union,Gold,Female,Union,Unknown,OUTDOOR
1971,Women's individual,Doreen Wilber,Silver,Female,States,Unknown,OUTDOOR
1971,Women's individual,Maria Mączyńska,Bronze,Female,Poland,Unknown,OUTDOOR
1973,Men's individual,Victor Sidoruk  Soviet Union,Gold,Male,Union,Unknown,OUTDOOR
1973,Men's individual,Kyösti Laasonen,Silver,Male,Finland,Unknown,OUTDOOR
1973,Men's individual,Stephen Lieberman,Bronze,Male,States,Unknown,OUTDOOR
1973,Women's individual,Linda Myers,Gold,Female,States,Unknown,OUTDOOR
1973,Women's individual,Valentina Kovpan  Soviet Union,Silver,Female,Union,Unknown,OUTDOOR
1973,Women's individual,Emma Gapchenko  Soviet Union,Bronze,Female,Union,Unknown,OUTDOOR
1975,Men's individual,Darrell Pace,Gold,Male,States,Unknown,OUTDOOR
1975,Men's individual,Richard McKinney,Silver,Male,States,Unknown,OUTDOOR
1975,Men's individual,Kauko Laasonen,Bronze,Male,Finland,Unknown,OUTDOOR
1975,Women's individual,Zebiniso Rustamova  Soviet Union,Gold,Female,Union,Unknown,OUTDOOR
1975,Women's individual,Valentina Kovpan  Soviet Union,Silver,Female,Union,Unknown,OUTDOOR
1975,Women's individual,Han Sun-hi  North Korea,Bronze,Female,Korea,Unknown,OUTDOOR
1977,Men's individual,Richard McKinney,Gold,Male,States,Unknown,OUTDOOR
1977,Men's individual,Takashi Kamei,Silver,Male,Japan,Unknown,OUTDOOR
1977,Men's individual,Leandro De Nardi,Bronze,Male,Italy,Unknown,OUTDOOR
1977,Women's individual,Luann Ryon,Gold,Female,States,Unknown,OUTDOOR
1977,Women's individual,Jadwiga Wilejto,Silver,Female,Poland,Unknown,OUTDOOR
1977,Women's individual,Irene Daubenspeck,Bronze,Female,States,Unknown,OUTDOOR
1979,Men's individual,Darrell Pace,Gold,Male,States,Unknown,OUTDOOR
1979,Men's individual,Richard McKinney,Silver,Male,States,Unknown,OUTDOOR
1979,Men's individual,Rodney Baston,Bronze,Male,States,Unknown,OUTDOOR
1979,Women's individual,Kim Jin-ho  South Korea,Gold,Female,Korea,Unknown,OUTDOOR
1979,Women's individual,Judi Adams,Silver,Female,States,Unknown,OUTDOOR
1979,Women's individual,Carole Mary Toy,Bronze,Female,Australia,Unknown,OUTDOOR
1981,Men's individual,Kyösti Laasonen,Gold,Male,Finland,Unknown,OUTDOOR
1981,Men's individual,Darrell Pace,Silver,Male,States,Unknown,OUTDOOR
1981,Men's individual,Richard McKinney,Bronze,Male,States,Unknown,OUTDOOR
1981,Women's individual,Natalya Butuzova  Soviet Union,Gold,Female,Union,Unknown,OUTDOOR
1981,Women's individual,Alicja Ciskowska,Silver,Female,Poland,Unknown,OUTDOOR
1981,Women's individual,Marilyn Rumley,Bronze,Female,Australia,Unknown,OUTDOOR
1983,Men's individual,Richard McKinney,Gold,Male,States,Unknown,OUTDOOR
1983,Men's individual,Darrell Pace,Silver,Male,States,Unknown,OUTDOOR
1983,Men's individual,Marnix Vervinck,Bronze,Male,Belgium,Unknown,OUTDOOR
1983,Women's individual,Kim Jin-ho  South Korea,Gold,Female,Korea,Unknown,OUTDOOR
1983,Women's individual,Jung Jea-bong  South Korea,Silver,Female,Korea,Unknown,OUTDOOR
1983,Women's individual,Liselotte Andersson,Bronze,Female,Sweden,Unknown,OUTDOOR
1985,Men's individual,Richard McKinney,Gold,Male,States,Unknown,OUTDOOR
1985,Men's individual,Koo Ja-chong  South Korea,Silver,Male,Korea,Unknown,OUTDOOR
1985,Men's individual,Takayoshi Matsushita,Bronze,Male,Japan,Unknown,OUTDOOR
1985,Women's individual,Irina Soldatova  Soviet Union,Gold,Female,Union,Unknown,OUTDOOR
1985,Women's individual,Lyudmila Arzhannikova  Soviet Union,Silver,Female,Union,Unknown,OUTDOOR
1985,Women's individual,Kim Jin-ho  South Korea,Bronze,Female,Korea,Unknown,OUTDOOR
1987,Men's individual,Vladimir Yesheyev  Soviet Union,Gold,Male,Union,Unknown,OUTDOOR
1987,Men's individual,Andreas Lippoldt West,Silver,Male,Germany,Unknown,OUTDOOR
1987,Men's individual,Jay Barrs,Bronze,Male,States,Unknown,OUTDOOR
1987,Women's individual,Ma Xiangjun,Gold,Female,China,Unknown,OUTDOOR
1987,Women's individual,Wang Hee-kyung  South Korea,Silver,Female,Korea,Unknown,OUTDOOR
1987,Women's individual,Yao Yawen,Bronze,Female,China,Unknown,OUTDOOR
1989,Men's individual,Stanislav Zabrodsky  Soviet Union,Gold,Male,Union,Unknown,OUTDOOR
1989,Men's individual,Steven Hallard  Great Britain,Silver,Male,Britain,Unknown,OUTDOOR
1989,Men's individual,Tomi Poikolainen,Bronze,Male,Finland,Unknown,OUTDOOR
1989,Women's individual,Kim Soo-nyung  South Korea,Gold,Female,Korea,Unknown,OUTDOOR
1989,Women's individual,Kim Kyung-woog  South Korea,Silver,Female,Korea,Unknown,OUTDOOR
1989,Women's individual,Denise Parker,Bronze,Female,States,Unknown,OUTDOOR
1991,Men's individual,Simon Fairweather,Gold,Male,Australia,Unknown,OUTDOOR
1991,Men's individual,Vadim Shikarev  Soviet Union,Silver,Male,Union,Unknown,OUTDOOR
1991,Men's individual,Chung Jae-hun  South Korea,Bronze,Male,Korea,Unknown,OUTDOOR
1991,Women's individual,Kim Soo-nyung  South Korea,Gold,Female,Korea,Unknown,OUTDOOR
1991,Women's individual,Lee Eun-kyung  South Korea,Silver,Female,Korea,Unknown,OUTDOOR
1991,Women's individual,Zehra Öktem  Turkey,Bronze,Female,Turkey,Unknown,OUTDOOR
1993,Men's individual,Park Kyung-mo  South Korea,Gold,Male,Korea,Unknown,OUTDOOR
1993,Men's individual,Kim Kyung-ho  South Korea,Silver,Male,Korea,Unknown,OUTDOOR
1993,Men's individual,Stanislav Zabrodsky,Bronze,Male,Ukraine,Unknown,OUTDOOR
1993,Women's individual,Kim Hyo-jung  South Korea,Gold,Female,Korea,Unknown,OUTDOOR
1993,Women's individual,Cho Youn-jeong  South Korea,Silver,Female,Korea,Unknown,OUTDOOR
1993,Women's individual,Iana Tuniants,Bronze,Female,Kazakhstan,Unknown,OUTDOOR
1995,Men's individual,Lee Kyung-chul  South Korea,Gold,Male,Korea,Unknown,OUTDOOR
1995,Men's individual,Wu Tsung-yi  Chinese Taipei,Silver,Male,Taipei,Unknown,OUTDOOR
1995,Men's individual,Oh Kyo-moon  South Korea,Bronze,Male,Korea,Unknown,OUTDOOR
1995,Women's individual,Natalia Valeeva  Moldova,Gold,Female,Moldova,Unknown,OUTDOOR
1995,Women's individual,Barbara Mensing,Silver,Female,Germany,Unknown,OUTDOOR
1995,Women's individual,Yoom Yoon-ja  South Korea,Bronze,Female,Korea,Unknown,OUTDOOR
1995,Men's individual,Gary Broadhead,Gold,Male,States,Unknown,OUTDOOR
1995,Men's individual,John Vozzy,Silver,Male,States,Unknown,OUTDOOR
1995,Men's individual,Phillip Tremelling,Bronze,Male,Australia,Unknown,OUTDOOR
1995,Women's individual,Angela Moscarelli,Gold,Female,States,Unknown,OUTDOOR
1995,Women's individual,Petra Ericsson,Silver,Female,Sweden,Unknown,OUTDOOR
1995,Women's individual,Inga Low,Bronze,Female,States,Unknown,OUTDOOR
1997,Men's individual,Kim Kyung-ho  South Korea,Gold,Male,Korea,Unknown,OUTDOOR
1997,Men's individual,Christophe Peignois,Silver,Male,Belgium,Unknown,OUTDOOR
1997,Men's individual,Jang Yong-ho  South Korea,Bronze,Male,Korea,Unknown,OUTDOOR
1997,Women's individual,Kim Du-ri  South Korea,Gold,Female,Korea,Unknown,OUTDOOR
1997,Women's individual,Cornelia Pfohl,Silver,Female,Germany,Unknown,OUTDOOR
1997,Women's individual,Kim Jo-sun  South Korea,Bronze,Female,Korea,Unknown,OUTDOOR
1997,Men's individual,Dee Wilde,Gold,Male,States,Unknown,OUTDOOR
1997,Men's individual,Terry Ragsdale,Silver,Male,States,Unknown,OUTDOOR
1997,Men's individual,Clint Freeman,Bronze,Male,Australia,Unknown,OUTDOOR
1997,Women's individual,Fabiola Palazzini,Gold,Female,Italy,Unknown,OUTDOOR
1997,Women's individual,Catherine Pellen,Silver,Female,France,Unknown,OUTDOOR
1997,Women's individual,Jamie van Natta,Bronze,Female,States,Unknown,OUTDOOR
1999,Men's individual,Hong Sung-chil  South Korea,Gold,Male,Korea,Unknown,OUTDOOR
1999,Men's individual,Jari Lipponen,Silver,Male,Finland,Unknown,OUTDOOR
1999,Men's individual,Lionel Torres,Bronze,Male,France,Unknown,OUTDOOR
1999,Women's individual,Lee Eun-kyung  South Korea,Gold,Female,Korea,Unknown,OUTDOOR
1999,Women's individual,Alison Williamson  Great Britain,Silver,Female,Britain,Unknown,OUTDOOR
1999,Women's individual,Kim Jo-sun  South Korea,Bronze,Female,Korea,Unknown,OUTDOOR
1999,Men's individual,Dave Cousins,Gold,Male,States,Unknown,OUTDOOR
1999,Men's individual,Stephen Gooden  Great Britain,Silver,Male,Britain,Unknown,OUTDOOR
1999,Men's individual,Tibor Ondrik,Bronze,Male,Hungary,Unknown,OUTDOOR
1999,Women's individual,Catherine Pellen,Gold,Female,France,Unknown,OUTDOOR
1999,Women's individual,Shish Ya-ping  Chinese Taipei,Silver,Female,Taipei,Unknown,OUTDOOR
1999,Women's individual,Fabiola Palazzini,Bronze,Female,Italy,Unknown,OUTDOOR
2001,Men's individual,Yeon Jung-ki  South Korea,Gold,Male,Korea,Unknown,OUTDOOR
2001,Men's individual,Lionel Torres,Silver,Male,France,Unknown,OUTDOOR
2001,Men's individual,Park Kyung-mo  South Korea,Bronze,Male,Korea,Unknown,OUTDOOR
2001,Women's individual,Park Sung-hyun  South Korea,Gold,Female,Korea,Unknown,OUTDOOR
2001,Women's individual,Kim Kyung-wook  South Korea,Silver,Female,Korea,Unknown,OUTDOOR
2001,Women's individual,Kateryna Palekha,Bronze,Female,Ukraine,Unknown,OUTDOOR
2001,Men's individual,Dejan Sitar,Gold,Male,Slovenia,Unknown,OUTDOOR
2001,Men's individual,Morgan Lundin,Silver,Male,Sweden,Unknown,OUTDOOR
2001,Men's individual,Morten Bøe,Bronze,Male,Norway,Unknown,OUTDOOR
2001,Women's individual,Ulrika Sjöwall,Gold,Female,Sweden,Unknown,OUTDOOR
2001,Women's individual,Bettina Thiele,Silver,Female,Germany,Unknown,OUTDOOR
2001,Women's individual,Sirkka Sokka-Matikainen,Bronze,Female,Finland,Unknown,OUTDOOR
2003,Men's individual,Michele Frangilli,Gold,Male,Italy,Unknown,OUTDOOR
2003,Men's individual,Im Dong-hyun  South Korea,Silver,Male,Korea,Unknown,OUTDOOR
2003,Men's individual,David Barnes,Bronze,Male,Australia,Unknown,OUTDOOR
2003,Women's individual,Yun Mi-jin  South Korea,Gold,Female,Korea,Unknown,OUTDOOR
2003,Women's individual,Park Sung-hyun  South Korea,Silver,Female,Korea,Unknown,OUTDOOR
2003,Women's individual,Lee Hyun-jeong  South Korea,Bronze,Female,Korea,Unknown,OUTDOOR
2003,Men's individual,Clint Freeman,Gold,Male,Australia,Unknown,OUTDOOR
2003,Men's individual,Dave Cousins,Silver,Male,States,Unknown,OUTDOOR
2003,Men's individual,Braden Gellenthien,Bronze,Male,States,Unknown,OUTDOOR
2003,Women's individual,Mary Zorn,Gold,Female,States,Unknown,OUTDOOR
2003,Women's individual,Amber Dawson,Silver,Female,States,Unknown,OUTDOOR
2003,Women's individual,Irma Luyting,Bronze,Female,Netherlands,Unknown,OUTDOOR
2005,Men's individual,Chung Jae-hun  South Korea,Gold,Male,Korea,Unknown,OUTDOOR
2005,Men's individual,Ryuichi Moriya,Silver,Male,Japan,Unknown,OUTDOOR
2005,Men's individual,Choi Won-jong  South Korea,Bronze,Male,Korea,Unknown,OUTDOOR
2005,Women's individual,Lee Sung-jin  South Korea,Gold,Female,Korea,Unknown,OUTDOOR
2005,Women's individual,Lee Tuk-young  South Korea,Silver,Female,Korea,Unknown,OUTDOOR
2005,Women's individual,Park Sung-hyun  South Korea,Bronze,Female,Korea,Unknown,OUTDOOR
2005,Men's individual,Morgan Lundin,Gold,Male,Sweden,Unknown,OUTDOOR
2005,Men's individual,Morten Bøe,Silver,Male,Norway,Unknown,OUTDOOR
2005,Men's individual,Dejan Sitar,Bronze,Male,Slovenia,Unknown,OUTDOOR
2005,Women's individual,Sofia Goncharova  Russia,Gold,Female,Russia,Unknown,OUTDOOR
2005,Women's individual,Arminda Bastos,Silver,Female,Mexico,Unknown,OUTDOOR
2005,Women's individual,Svetlana Kondrashenko  Russia,Bronze,Female,Russia,Unknown,OUTDOOR
2007,Men's individual,Im Dong-hyun  South Korea,Gold,Male,Korea,Unknown,OUTDOOR
2007,Men's individual,Baljinima Tsyrempilov  Russia,Silver,Male,Russia,Unknown,OUTDOOR
2007,Men's individual,Alan Wills  Great Britain,Bronze,Male,Britain,Unknown,OUTDOOR
2007,Women's individual,Natalia Valeeva,Gold,Female,Italy,Unknown,OUTDOOR
2007,Women's individual,Park Sung-hyun  South Korea,Silver,Female,Korea,Unknown,OUTDOOR
2007,Women's individual,Natalya Erdyniyeva  Russia,Bronze,Female,Russia,Unknown,OUTDOOR
2007,Men's individual,Dietmar Trillus,Gold,Male,Canada,Unknown,OUTDOOR
2007,Men's individual,Braden Gellenthien,Silver,Male,States,Unknown,OUTDOOR
2007,Men's individual,Martin Damsbo,Bronze,Male,Denmark,Unknown,OUTDOOR
2007,Women's individual,Eugenia Salvi,Gold,Female,Italy,Unknown,OUTDOOR
2007,Women's individual,Albina Loginova  Russia,Silver,Female,Russia,Unknown,OUTDOOR
2007,Women's individual,Amandine Bouillot,Bronze,Female,France,Unknown,OUTDOOR
2009,Men's individual,Lee Chang-hwan  South Korea,Gold,Male,Korea,Unknown,OUTDOOR
2009,Men's individual,Im Dong-hyun  South Korea,Silver,Male,Korea,Unknown,OUTDOOR
2009,Men's individual,Viktor Ruban,Bronze,Male,Ukraine,Unknown,OUTDOOR
2009,Women's individual,Joo Hyun-jung  South Korea,Gold,Female,Korea,Unknown,OUTDOOR
2009,Women's individual,Kwak Ye-ji  South Korea,Silver,Female,Korea,Unknown,OUTDOOR
2009,Women's individual,Natalia Sánchez,Bronze,Female,Colombia,Unknown,OUTDOOR
2009,Men's individual,Reo Wilde,Gold,Male,States,Unknown,OUTDOOR
2009,Men's individual,Liam Grimwood  Great Britain,Silver,Male,Britain,Unknown,OUTDOOR
2009,Men's individual,Stephen Clifton,Bronze,Male,Zealand,Unknown,OUTDOOR
2009,Women's individual,Albina Loginova  Russia,Gold,Female,Russia,Unknown,OUTDOOR
2009,Women's individual,Jorina Coetzee,Silver,Female,Africa,Unknown,OUTDOOR
2009,Women's individual,Laura Longo,Bronze,Female,Italy,Unknown,OUTDOOR
2011,Men's individual,Kim Woo-jin  South Korea,Gold,Male,Korea,Unknown,OUTDOOR
2011,Men's individual,Oh Jin-hyek  South Korea,Silver,Male,Korea,Unknown,OUTDOOR
2011,Men's individual,Brady Ellison,Bronze,Male,States,Unknown,OUTDOOR
2011,Women's individual,Denisse van Lamoen,Gold,Female,Chile,Unknown,OUTDOOR
2011,Women's individual,Kristine Esebua,Silver,Female,Georgia,Unknown,OUTDOOR
2011,Women's individual,Fang Yuting,Bronze,Female,China,Unknown,OUTDOOR
2011,Men's individual,Christopher Perkins,Gold,Male,Canada,Unknown,OUTDOOR
2011,Men's individual,Jesse Broadwater,Silver,Male,States,Unknown,OUTDOOR
2011,Men's individual,Reo Wilde,Bronze,Male,States,Unknown,OUTDOOR
2011,Women's individual,Albina Loginova  Russia,Gold,Female,Russia,Unknown,OUTDOOR
2011,Women's individual,Pascale Lebecque,Silver,Female,France,Unknown,OUTDOOR
2011,Women's individual,Erika Anschutz,Bronze,Female,States,Unknown,OUTDOOR
2013,Men's individual  details,Lee Seung-yun  South Korea,Gold,Male,Korea,Unknown,OUTDOOR
2013,Men's individual  details,Oh Jin-hyek  South Korea,Silver,Male,Korea,Unknown,OUTDOOR
2013,Men's individual  details,Crispin Duenas,Bronze,Male,Canada,Unknown,OUTDOOR
2013,Women's individual  details,Maja Jager,Gold,Female,Denmark,Unknown,OUTDOOR
2013,Women's individual  details,Xu Jing,Silver,Female,China,Unknown,OUTDOOR
2013,Women's individual  details,Yun Ok-hee  South Korea,Bronze,Female,Korea,Unknown,OUTDOOR
2013,Men's individual  details,Mike Schloesser,Gold,Male,Netherlands,Unknown,OUTDOOR
2013,Men's individual  details,Pierre-Julien Deloche,Silver,Male,France,Unknown,OUTDOOR
2013,Men's individual  details,Alexander Dambaev  Russia,Bronze,Male,Russia,Unknown,OUTDOOR
2013,Women's individual  details,Kristina Berger,Gold,Female,Germany,Unknown,OUTDOOR
2013,Women's individual  details,Ivana Buden,Silver,Female,Croatia,Unknown,OUTDOOR
2013,Women's individual  details,Gerda Roux,Bronze,Female,Africa,Unknown,OUTDOOR
2015,Men's individual  details,Kim Woo-jin  South Korea,Gold,Male,Korea,Unknown,OUTDOOR
2015,Men's individual  details,Rick van der Ven,Silver,Male,Netherlands,Unknown,OUTDOOR
2015,Men's individual  details,Takaharu Furukawa,Bronze,Male,Japan,Unknown,OUTDOOR
2015,Women's individual  details,Ki Bo-bae  South Korea,Gold,Female,Korea,Unknown,OUTDOOR
2015,Women's individual  details,Lin Shih-chia  Chinese Taipei,Silver,Female,Taipei,Unknown,OUTDOOR
2015,Women's individual  details,Choi Mi-sun  South Korea,Bronze,Female,Korea,Unknown,OUTDOOR
2015,Men's individual  details,Stephan Hansen,Gold,Male,Denmark,Unknown,OUTDOOR
2015,Men's individual  details,Rajat Chauhan,Silver,Male,India,Unknown,OUTDOOR
2015,Men's individual  details,Adam Ravenscroft  Great Britain,Bronze,Male,Britain,Unknown,OUTDOOR
2015,Women's individual  details,Kim Yun-hee  South Korea,Gold,Female,Korea,Unknown,OUTDOOR
2015,Women's individual  details,Crystal Gauvin,Silver,Female,States,Unknown,OUTDOOR
2015,Women's individual  details,Sara López,Bronze,Female,Colombia,Unknown,OUTDOOR
2017,Men's individual  details,Im Dong-hyun  South Korea,Gold,Male,Korea,Unknown,OUTDOOR
2017,Men's individual  details,Wei Chun-heng  Chinese Taipei,Silver,Male,Taipei,Unknown,OUTDOOR
2017,Men's individual  details,Steve Wijler,Bronze,Male,Netherlands,Unknown,OUTDOOR
2017,Women's individual  details,Ksenia Perova  Russia,Gold,Female,Russia,Unknown,OUTDOOR
2017,Women's individual  details,Chang Hye-jin  South Korea,Silver,Female,Korea,Unknown,OUTDOOR
2017,Women's individual  details,Tan Ya-ting  Chinese Taipei,Bronze,Female,Taipei,Unknown,OUTDOOR
2017,Men's individual  details,Sebastien Peineau,Gold,Male,France,Unknown,OUTDOOR
2017,Men's individual  details,Stephan Hansen,Silver,Male,Denmark,Unknown,OUTDOOR
2017,Men's individual  details,Braden Gellenthien,Bronze,Male,States,Unknown,OUTDOOR
2017,Women's individual  details,Song Yun-soo  South Korea,Gold,Female,Korea,Unknown,OUTDOOR
2017,Women's individual  details,Yeşim Bostan  Turkey,Silver,Female,Turkey,Unknown,OUTDOOR
2017,Women's individual  details,Kristina Heigenhauser,Bronze,Female,Germany,Unknown,OUTDOOR
2019,Men's individual  details,Brady Ellison,Gold,Male,States,Unknown,OUTDOOR
2019,Men's individual  details,Khairul Anuar Mohamad,Silver,Male,Malaysia,Unknown,OUTDOOR
2019,Men's individual  details,Ruman Shana,Bronze,Male,Bangladesh,Unknown,OUTDOOR
2019,Women's individual  details,Lei Chien-ying  Chinese Taipei,Gold,Female,Taipei,Unknown,OUTDOOR
2019,Women's individual  details,Kang Chae-young  South Korea,Silver,Female,Korea,Unknown,OUTDOOR
2019,Women's individual  details,Choi Mi-sun  South Korea,Bronze,Female,Korea,Unknown,OUTDOOR
2019,Men's individual  details,James Lutz,Gold,Male,States,Unknown,OUTDOOR
2019,Men's individual  details,Anders Faugstad,Silver,Male,Norway,Unknown,OUTDOOR
2019,Men's individual  details,Kim Jong-ho  South Korea,Bronze,Male,Korea,Unknown,OUTDOOR
2019,Women's individual  details,Natalia Avdeeva  Russia,Gold,Female,Russia,Unknown,OUTDOOR
2019,Women's individual  details,Paige Pearce,Silver,Female,States,Unknown,OUTDOOR
2019,Women's individual  details,Jyothi Surekha Vennam,Bronze,Female,India,Unknown,OUTDOOR
2021,Men's individual  details,Kim Woo-jin    South Korea,Gold,Male,Korea,Unknown,OUTDOOR
2021,Men's individual  details,Marcus Vinicius D'Almeida,Silver,Male,Brazil,Unknown,OUTDOOR
2021,Men's individual  details,Brady Ellison,Bronze,Male,States,Unknown,OUTDOOR
2021,Women's individual  details,Jang Min-hee    South Korea,Gold,Female,Korea,Unknown,OUTDOOR
2021,Women's individual  details,Casey Kaufhold,Silver,Female,States,Unknown,OUTDOOR
2021,Women's individual  details,An San    South Korea,Bronze,Female,Korea,Unknown,OUTDOOR
2021,Men's individual  details,Nico Wiener,Gold,Male,Austria,Unknown,OUTDOOR
2021,Men's individual  details,Mike Schloesser,Silver,Male,Netherlands,Unknown,OUTDOOR
2021,Men's individual  details,Robin Jäätma,Bronze,Male,Estonia,Unknown,OUTDOOR
2021,Women's individual  details,Sara López,Gold,Female,Colombia,Unknown,OUTDOOR
2021,Women's individual  details,Jyothi Surekha Vennam,Silver,Female,India,Unknown,OUTDOOR
2021,Women's individual  details,Andrea Becerra,Bronze,Female,Mexico,Unknown,OUTDOOR
2023,Men's individual  details,Mete Gazoz    Turkey,Gold,Male,Turkey,Unknown,OUTDOOR
2023,Men's individual  details,Eric Peters,Silver,Male,Canada,Unknown,OUTDOOR
2023,Men's individual  details,Marcus D'Almeida,Bronze,Male,Brazil,Unknown,OUTDOOR
2023,Women's individual  details,Marie Horáčková,Gold,Female,Republic,Unknown,OUTDOOR
2023,Women's individual  details,Alejandra Valencia,Silver,Female,Mexico,Unknown,OUTDOOR
2023,Women's individual  details,Satsuki Noda,Bronze,Female,Japan,Unknown,OUTDOOR
2023,Men's individual  details,Ojas Pravin Deotale,Gold,Male,India,Unknown,OUTDOOR
2023,Men's individual  details,Łukasz Przybylski,Silver,Male,Poland,Unknown,OUTDOOR
2023,Men's individual  details,Mike Schloesser,Bronze,Male,Netherlands,Unknown,OUTDOOR
2023,Women's individual  details,Aditi Gopichand Swami,Gold,Female,India,Unknown,OUTDOOR
2023,Women's individual  details,Andrea Becerra,Silver,Female,Mexico,Unknown,OUTDOOR
2023,Women's individual  details,Jyothi Surekha Vennam,Bronze,Female,India,Unknown,OUTDOOR
1991,Freestyle Men's individual,Sebastian Flute,Gold,Male,Flute,Unknown,INDOOR
1991,Freestyle Men's individual,Jay Barrs,Silver,Male,Barrs,Unknown,INDOOR
1991,Freestyle Men's individual,Vadim Chikarev,Bronze,Male,Chikarev,Unknown,INDOOR
1991,Compound Men's individual,Joe Asay,Gold,Male,Asay,Unknown,INDOOR
1991,Compound Men's individual,Dan Kolb,Silver,Male,Kolb,Unknown,INDOOR
1991,Compound Men's individual,James Fowles,Bronze,Male,Fowles,Unknown,INDOOR
1991,Freestyle Women's individual,Natalia Valeeva,Gold,Female,Valeeva,Unknown,INDOOR
1991,Freestyle Women's individual,Chin Chiu-Yueh,Silver,Female,Yueh,Unknown,INDOOR
1991,Freestyle Women's individual,Severine Bonal,Bronze,Female,Bonal,Unknown,INDOOR
1991,Compound Women's individual,Lucia Panico,Gold,Female,Panico,Unknown,INDOOR
1991,Compound Women's individual,Kirsi Rantanen,Silver,Female,Rantanen,Unknown,INDOOR
1991,Compound Women's individual,Glenda Doran,Bronze,Female,Doran,Unknown,INDOOR
1993,Freestyle Men's individual,Gennady Mitrofanov,Gold,Male,Mitrofanov,Unknown,INDOOR
1993,Freestyle Men's individual,Tsung Wu,Silver,Male,Wu,Unknown,INDOOR
1993,Freestyle Men's individual,Stanislav Zabrodsky,Bronze,Male,Zabrodsky,Unknown,INDOOR
1993,Compound Men's individual,Kirk Ethridge,Gold,Male,Ethridge,Unknown,INDOOR
1993,Compound Men's individual,Paw Lassew,Silver,Male,Lassew,Unknown,INDOOR
1993,Compound Men's individual,Dee Wilde,Bronze,Male,Wilde,Unknown,INDOOR
1993,Recurve Women's individual,Jennifer O'Donnell,Gold,Female,Donnell,Unknown,INDOOR
1993,Recurve Women's individual,Natalia Valeeva,Silver,Female,Valeeva,Unknown,INDOOR
1993,Recurve Women's individual,Olga Yakuocheva,Bronze,Female,Yakuocheva,Unknown,INDOOR
1993,Compound Women's individual,Inga Low,Gold,Female,Low,Unknown,INDOOR
1993,Compound Women's individual,Glenda Doran,Silver,Female,Doran,Unknown,INDOOR
1993,Compound Women's individual,Hélène Joinier,Bronze,Female,Joinier,Unknown,INDOOR
1995,Recurve Men's individual,Magnus Pettersson,Gold,Male,Pettersson,Unknown,INDOOR
1995,Recurve Men's individual,Sebastian Flute,Silver,Male,Flute,Unknown,INDOOR
1995,Recurve Men's individual,Fred van Zutphen,Bronze,Male,Zutphen,Unknown,INDOOR
1995,Compound Men's individual,Michael Hendriske,Gold,Male,Hendriske,Unknown,INDOOR
1995,Compound Men's individual,Niels Baldur,Silver,Male,Baldur,Unknown,INDOOR
1995,Compound Men's individual,Dee Wilde,Bronze,Male,Wilde,Unknown,INDOOR
1995,Recurve Women's individual,Natalia Valeeva,Gold,Female,Valeeva,Unknown,INDOOR
1995,Recurve Women's individual,Patricia Michel,Silver,Female,Michel,Unknown,INDOOR
1995,Recurve Women's individual,Natalia Nasaridze,Bronze,Female,Nasaridze,Unknown,INDOOR
1995,Compound Women's individual,Glenda Doran,Gold,Female,Doran,Unknown,INDOOR
1995,Compound Women's individual,Petra Eriksson,Silver,Female,Eriksson,Unknown,INDOOR
1995,Compound Women's individual,Nichola Simpson,Bronze,Female,Simpson,Unknown,INDOOR
1997,Recurve Men's individual,Chung Jae-hun,Gold,Male,hun,Unknown,INDOOR
1997,Recurve Men's individual,Shane Parker,Silver,Male,Parker,Unknown,INDOOR
1997,Recurve Men's individual,Sebastian Flute,Bronze,Male,Flute,Unknown,INDOOR
1997,Compound Men's individual,Dee Wilde,Gold,Male,Wilde,Unknown,INDOOR
1997,Compound Men's individual,Morgan Lundin,Silver,Male,Lundin,Unknown,INDOOR
1997,Compound Men's individual,Danilo Miokovic,Bronze,Male,Miokovic,Unknown,INDOOR
1997,Recurve Women's individual,Tetyana Muntyan,Gold,Female,Muntyan,Unknown,INDOOR
1997,Recurve Women's individual,Hyun-ji Kim,Silver,Female,Kim,Unknown,INDOOR
1997,Recurve Women's individual,Natalia Nasaridze,Bronze,Female,Nasaridze,Unknown,INDOOR
1997,Compound Women's individual,Valerie Fabre,Gold,Female,Fabre,Unknown,INDOOR
1997,Compound Women's individual,Sylviane Lambelet,Silver,Female,Lambelet,Unknown,INDOOR
1997,Compound Women's individual,Irma Luyting,Bronze,Female,Luyting,Unknown,INDOOR
1999,Recurve Men's individual,Magnus Pettersson,Gold,Male,Pettersson,Unknown,INDOOR
1999,Recurve Men's individual,Markian Ivashko,Silver,Male,Ivashko,Unknown,INDOOR
1999,Recurve Men's individual,Chung Jae-hun,Bronze,Male,hun,Unknown,INDOOR
1999,Compound Men's individual,James Butts,Gold,Male,Butts,Unknown,INDOOR
1999,Compound Men's individual,Jonathan Mynott,Silver,Male,Mynott,Unknown,INDOOR
1999,Compound Men's individual,Simon Tarplee,Bronze,Male,Tarplee,Unknown,INDOOR
1999,Recurve Women's individual,Natalia Valeeva,Gold,Female,Valeeva,Unknown,INDOOR
1999,Recurve Women's individual,Svitlana Bard,Silver,Female,Bard,Unknown,INDOOR
1999,Recurve Women's individual,Agata Bulwa,Bronze,Female,Bulwa,Unknown,INDOOR
1999,Compound Women's individual,Ashley Kamuf,Gold,Female,Kamuf,Unknown,INDOOR
1999,Compound Women's individual,Fabiola Panazzini,Silver,Female,Panazzini,Unknown,INDOOR
1999,Compound Women's individual,Claire Treneman,Bronze,Female,Treneman,Unknown,INDOOR
2001,Recurve Men's individual,Michele Frangilli,Gold,Male,Frangilli,Unknown,INDOOR
2001,Recurve Men's individual,Butch Johnson,Silver,Male,Johnson,Unknown,INDOOR
2001,Recurve Men's individual,Özdemir Akbal,Bronze,Male,Akbal,Unknown,INDOOR
2001,Compound Men's individual,Morgan Lundin,Gold,Male,Lundin,Unknown,INDOOR
2001,Compound Men's individual,Antonio Tosco,Silver,Male,Tosco,Unknown,INDOOR
2001,Compound Men's individual,Dave Cousins,Bronze,Male,Cousins,Unknown,INDOOR
2001,Recurve Women's individual,Natalia Valeeva,Gold,Female,Valeeva,Unknown,INDOOR
2001,Recurve Women's individual,Agata Bulwa,Silver,Female,Bulwa,Unknown,INDOOR
2001,Recurve Women's individual,Natalia Burdenaya,Bronze,Female,Burdenaya,Unknown,INDOOR
2001,Compound Women's individual,Mary Zorn,Gold,Female,Zorn,Unknown,INDOOR
2001,Compound Women's individual,Fatima Agudo,Silver,Female,Agudo,Unknown,INDOOR
2001,Compound Women's individual,Andrea Cizmek,Bronze,Female,Cizmek,Unknown,INDOOR
2003,Recurve Men's individual,Ilario Di Buo,Gold,Male,Buo,Unknown,INDOOR
2003,Recurve Men's individual,Michele Frangilli,Silver,Male,Frangilli,Unknown,INDOOR
2003,Recurve Men's individual,Balzhinima Tsyrempilov,Bronze,Male,Tsyrempilov,Unknown,INDOOR
2003,Compound Men's individual,Reo Wilde,Gold,Male,Wilde,Unknown,INDOOR
2003,Compound Men's individual,Morgan Lundin,Silver,Male,Lundin,Unknown,INDOOR
2003,Compound Men's individual,Patrizio Hofer,Bronze,Male,Hofer,Unknown,INDOOR
2003,Recurve Women's individual,Bérengère Schuh,Gold,Female,Schuh,Unknown,INDOOR
2003,Recurve Women's individual,Jennifer Nichols,Silver,Female,Nichols,Unknown,INDOOR
2003,Recurve Women's individual,Evangelia Psarra,Bronze,Female,Psarra,Unknown,INDOOR
2003,Compound Women's individual,Gladys Willems,Gold,Female,Willems,Unknown,INDOOR
2003,Compound Women's individual,Jessica Grant,Silver,Female,Grant,Unknown,INDOOR
2003,Compound Women's individual,Mary Zorn,Bronze,Female,Zorn,Unknown,INDOOR
2005,Recurve Men's individual,Erdem Zhigzhitov,Gold,Male,Zhigzhitov,Unknown,INDOOR
2005,Recurve Men's individual,Victor Wunderle,Silver,Male,Wunderle,Unknown,INDOOR
2005,Recurve Men's individual,Oleksandr Serdyuk,Bronze,Male,Serdyuk,Unknown,INDOOR
2005,Recurve Women's individual,Nataliya Burdeyna,Gold,Female,Burdeyna,Unknown,INDOOR
2005,Recurve Women's individual,Tetyana Dorokhova,Silver,Female,Dorokhova,Unknown,INDOOR
2005,Recurve Women's individual,Christina Schafer,Bronze,Female,Schafer,Unknown,INDOOR
2005,Compound Men's individual,Reo Wilde,Gold,Male,Wilde,Unknown,INDOOR
2005,Compound Men's individual,Morgan Lundin,Silver,Male,Lundin,Unknown,INDOOR
2005,Compound Men's individual,Morten Boe,Bronze,Male,Boe,Unknown,INDOOR
2005,Compound Women's individual,Mary Zorn,Gold,Female,Zorn,Unknown,INDOOR
2005,Compound Women's individual,Fatima Agudo,Silver,Female,Agudo,Unknown,INDOOR
2005,Compound Women's individual,Jamie van Natta,Bronze,Female,Natta,Unknown,INDOOR
2007,Recurve Men's individual,Sebastian Rohrberg,Gold,Male,Unknown,Unknown,INDOOR
2007,Recurve Men's individual,Markiyan Ivashko,Silver,Male,Unknown,Unknown,INDOOR
2007,Recurve Men's individual,Shawn Rice,Bronze,Male,Unknown,Unknown,INDOOR
2007,Recurve Women's individual,Nami Hayakawa,Gold,Female,Unknown,Unknown,INDOOR
2007,Recurve Women's individual,Bérengère Schuh,Silver,Female,Unknown,Unknown,INDOOR
2007,Recurve Women's individual,Tetyana Dorokhova,Bronze,Female,Unknown,Unknown,INDOOR
2007,Compound Men's individual,Braden Gellenthien,Gold,Male,Unknown,Unknown,INDOOR
2007,Compound Men's individual,Jose Duo,Silver,Male,Unknown,Unknown,INDOOR
2007,Compound Men's individual,Dominique Genet,Bronze,Male,Unknown,Unknown,INDOOR
2007,Compound Women's individual,Eugenia Salvi,Gold,Female,Unknown,Unknown,INDOOR
2007,Compound Women's individual,Fatima Agudo,Silver,Female,Unknown,Unknown,INDOOR
2007,Compound Women's individual,Paola Galletti,Bronze,Female,Unknown,Unknown,INDOOR
2007,Junior Recurve Men's individual,Taras Senyuk,Gold,Male,Unknown,Unknown,INDOOR
2007,Junior Recurve Men's individual,Rem Shakirov,Silver,Male,Unknown,Unknown,INDOOR
2007,Junior Recurve Men's individual,Aaron Tedford,Bronze,Male,Unknown,Unknown,INDOOR
2007,Junior Recurve Women's individual,Sonamaa Kuular,Gold,Female,Unknown,Unknown,INDOOR
2007,Junior Recurve Women's individual,Maryna Veselovska,Silver,Female,Unknown,Unknown,INDOOR
2007,Junior Recurve Women's individual,Anna Fedorova,Bronze,Female,Unknown,Unknown,INDOOR
2007,Junior Compound Men's individual,Ayur Abidduev,Gold,Male,Unknown,Unknown,INDOOR
2007,Junior Compound Men's individual,Kevin Marbacher,Silver,Male,Unknown,Unknown,INDOOR
2007,Junior Compound Men's individual,Valentin van Huffel,Bronze,Male,Unknown,Unknown,INDOOR
2007,Junior Compound Women's individual,Anastasia Anastasio,Gold,Female,Unknown,Unknown,INDOOR
2007,Junior Compound Women's individual,Eleni Ioannou,Silver,Female,Unknown,Unknown,INDOOR
2007,Junior Compound Women's individual,Amber Lynn Christensen,Bronze,Female,Unknown,Unknown,INDOOR
2009,Recurve Men's individual,Yavor Hristov,Gold,Male,Unknown,Unknown,INDOOR
2009,Recurve Men's individual,Rafał Dobrowolski,Silver,Male,Unknown,Unknown,INDOOR
2009,Recurve Men's individual,Jean-Charles Valladont,Bronze,Male,Unknown,Unknown,INDOOR
2009,Recurve Women's individual,Karina Winter,Gold,Female,Unknown,Unknown,INDOOR
2009,Recurve Women's individual,Natalia Valeeva,Silver,Female,Unknown,Unknown,INDOOR
2009,Recurve Women's individual,Bérengère Schuh,Bronze,Female,Unknown,Unknown,INDOOR
2009,Compound Men's individual,Chance Beaubouef,Gold,Male,Unknown,Unknown,INDOOR
2009,Compound Men's individual,Jesse Broadwater,Silver,Male,Unknown,Unknown,INDOOR
2009,Compound Men's individual,Dominique Genet,Bronze,Male,Unknown,Unknown,INDOOR
2009,Compound Women's individual,Mary Zorn,Gold,Female,Unknown,Unknown,INDOOR
2009,Compound Women's individual,Holly Larson,Silver,Female,Unknown,Unknown,INDOOR
2009,Compound Women's individual,Erika Anschutz,Bronze,Female,Unknown,Unknown,INDOOR
2009,Junior Recurve Men's individual,Ivan Denis,Gold,Male,Unknown,Unknown,INDOOR
2009,Junior Recurve Men's individual,Luca Melotto,Silver,Male,Unknown,Unknown,INDOOR
2009,Junior Recurve Men's individual,Vetle Risinggaard,Bronze,Male,Unknown,Unknown,INDOOR
2009,Junior Recurve Women's individual,Rosie Purdy,Gold,Female,Unknown,Unknown,INDOOR
2009,Junior Recurve Women's individual,Anna Bomboeva,Silver,Female,Unknown,Unknown,INDOOR
2009,Junior Recurve Women's individual,Gloria Filippi,Bronze,Female,Unknown,Unknown,INDOOR
2009,Junior Compound Men's individual,Kristofer Schaff,Gold,Male,Unknown,Unknown,INDOOR
2009,Junior Compound Men's individual,Jonathan Friberg,Silver,Male,Unknown,Unknown,INDOOR
2009,Junior Compound Men's individual,Garrett Abernethy,Bronze,Male,Unknown,Unknown,INDOOR
2009,Junior Compound Women's individual,Rosie Purdy,Gold,Female,Unknown,Unknown,INDOOR
2009,Junior Compound Women's individual,Kendal Nicely,Silver,Female,Unknown,Unknown,INDOOR
2009,Junior Compound Women's individual,Clara Nieto Taladriz,Bronze,Female,Unknown,Unknown,INDOOR
2012,Men's individual,Marco Galiazzo,Gold,Male,Italy,Unknown,INDOOR
2012,Men's individual,Jake Kaminski,Silver,Male,States,Unknown,INDOOR
2012,Men's individual,Brady Ellison,Bronze,Male,States,Unknown,INDOOR
2012,Women's individual,Natalia Valeeva,Gold,Female,Italy,Unknown,INDOOR
2012,Women's individual,Miranda Leek,Silver,Female,States,Unknown,INDOOR
2012,Women's individual,Ksenia Perova  Russia,Bronze,Female,Russia,Unknown,INDOOR
2012,Men's individual,Luca Maran,Gold,Male,Italy,Unknown,INDOOR
2012,Men's individual,Sjef van den Berg,Silver,Male,Netherlands,Unknown,INDOOR
2012,Men's individual,Vitaliy Komonyuk,Bronze,Male,Ukraine,Unknown,INDOOR
2012,Women's individual,Kristina Timofeeva  Russia,Gold,Female,Russia,Unknown,INDOOR
2012,Women's individual,Anastasia Pavlova,Silver,Female,Ukraine,Unknown,INDOOR
2012,Women's individual,Polina Rodionova,Bronze,Female,Ukraine,Unknown,INDOOR
2012,Men's individual,Reo Wilde,Gold,Male,States,Unknown,INDOOR
2012,Men's individual,Jimmy Butts,Silver,Male,States,Unknown,INDOOR
2012,Men's individual,Julio Ricardo Fierro,Bronze,Male,Mexico,Unknown,INDOOR
2012,Women's individual,Viktoria Balzhanova  Russia,Gold,Female,Russia,Unknown,INDOOR
2012,Women's individual,Inge van Caspel,Silver,Female,Netherlands,Unknown,INDOOR
2012,Women's individual,Linda Ochoa,Bronze,Female,Mexico,Unknown,INDOOR
2012,Men's individual,Bridger Deaton,Gold,Male,States,Unknown,INDOOR
2012,Men's individual,Rheinhard Louw,Silver,Male,Africa,Unknown,INDOOR
2012,Men's individual,Garrett Abernethy,Bronze,Male,States,Unknown,INDOOR
2012,Women's individual,Runa Grydeland,Gold,Female,Norway,Unknown,INDOOR
2012,Women's individual,Lexi Keller,Silver,Female,States,Unknown,INDOOR
2012,Women's individual,Contessa Loh,Bronze,Female,Singapore,Unknown,INDOOR
2014,Men's individual,Ryan Tyack,Gold,Male,Australia,Unknown,INDOOR
2014,Men's individual,Viktor Ruban,Silver,Male,Ukraine,Unknown,INDOOR
2014,Men's individual,Brady Ellison,Bronze,Male,States,Unknown,INDOOR
2014,Women's individual,Aida Roman,Gold,Female,Mexico,Unknown,INDOOR
2014,Women's individual,Miki Nakamura,Silver,Female,Japan,Unknown,INDOOR
2014,Women's individual,Anastasia Pavlova,Bronze,Female,Ukraine,Unknown,INDOOR
2014,Men's individual,Maximilian Weckmueller,Gold,Male,Germany,Unknown,INDOOR
2014,Men's individual,Carlo Schmitz,Silver,Male,Germany,Unknown,INDOOR
2014,Men's individual,David Pasqualucci,Bronze,Male,Italy,Unknown,INDOOR
2014,Women's individual,Tatiana Andreoli,Gold,Female,Italy,Unknown,INDOOR
2014,Women's individual,Ariuna Zhargalova  Russia,Silver,Female,Russia,Unknown,INDOOR
2014,Women's individual,Sylwia Zyzanska,Bronze,Female,Poland,Unknown,INDOOR
2014,Men's individual,Sergio Pagni,Gold,Male,Italy,Unknown,INDOOR
2014,Men's individual,Reo Wilde,Silver,Male,States,Unknown,INDOOR
2014,Men's individual,Stephan Hansen,Bronze,Male,Denmark,Unknown,INDOOR
2014,Women's individual,Sophie Dodemont,Gold,Female,France,Unknown,INDOOR
2014,Women's individual,Christie Colin,Silver,Female,States,Unknown,INDOOR
2014,Women's individual,Pascale Lebecque,Bronze,Female,France,Unknown,INDOOR
2014,Men's individual,Viktor Orosz,Gold,Male,Hungary,Unknown,INDOOR
2014,Men's individual,Mario Vavro,Silver,Male,Croatia,Unknown,INDOOR
2014,Men's individual,Bridger Deaton,Bronze,Male,States,Unknown,INDOOR
2014,Women's individual,Mariya Shkolna,Gold,Female,Ukraine,Unknown,INDOOR
2014,Women's individual,Emily Bee,Silver,Female,States,Unknown,INDOOR
2014,Women's individual,Lexi Keller,Bronze,Female,States,Unknown,INDOOR
2016,Men's individual,Heorhiy Ivanytskyy,Gold,Male,Ukraine,Unknown,INDOOR
2016,Men's individual,Sergii Makarevych,Silver,Male,Ukraine,Unknown,INDOOR
2016,Men's individual,Brady Ellison,Bronze,Male,States,Unknown,INDOOR
2016,Women's individual,Lisa Unruh,Gold,Female,Germany,Unknown,INDOOR
2016,Women's individual,Natalia Lesniak,Silver,Female,Poland,Unknown,INDOOR
2016,Women's individual,Claudia Mandia,Bronze,Female,Italy,Unknown,INDOOR
2016,Men's individual,David Pasqualucci,Gold,Male,Italy,Unknown,INDOOR
2016,Men's individual,Dan Olaru  Moldova,Silver,Male,Moldova,Unknown,INDOOR
2016,Men's individual,Rok Bizjak,Bronze,Male,Slovenia,Unknown,INDOOR
2016,Women's individual,Su Szu-Ping  Chinese Taipei,Gold,Female,Taipei,Unknown,INDOOR
2016,Women's individual,Tatiana Andreoli,Silver,Female,Italy,Unknown,INDOOR
2016,Women's individual,Chang Rong-Jia  Chinese Taipei,Bronze,Female,Taipei,Unknown,INDOOR
2016,Men's individual,Sebastien Peineau,Gold,Male,France,Unknown,INDOOR
2016,Men's individual,Mike Schloesser,Silver,Male,Netherlands,Unknown,INDOOR
2016,Men's individual,Omid Taheri  Iran,Bronze,Male,Iran,Unknown,INDOOR
2016,Women's individual,Irene Franchini,Gold,Female,Italy,Unknown,INDOOR
2016,Women's individual,Albina Loginova  Russia,Silver,Female,Russia,Unknown,INDOOR
2016,Women's individual,Sarah Prieels,Bronze,Female,Belgium,Unknown,INDOOR
2016,Men's individual,Viktor Orosz,Gold,Male,Hungary,Unknown,INDOOR
2016,Men's individual,Christos Aerikos,Silver,Male,Greece,Unknown,INDOOR
2016,Men's individual,Anton Bulaev  Russia,Bronze,Male,Russia,Unknown,INDOOR
2016,Women's individual,Lucia Valeria Chavarria,Gold,Female,Mexico,Unknown,INDOOR
2016,Women's individual,Cassidy Cox,Silver,Female,States,Unknown,INDOOR
2016,Women's individual,Athena Caiopoulos,Bronze,Female,States,Unknown,INDOOR
2018,Men's individualdetails,Sjef van den Berg,Gold,Male,Netherlands,Unknown,INDOOR
2018,Men's individualdetails,Daisuke Tomatsu,Silver,Male,Japan,Unknown,INDOOR
2018,Men's individualdetails,Taylor Worth,Bronze,Male,Australia,Unknown,INDOOR
2018,Women's individualdetails,Elena Richter,Gold,Female,Germany,Unknown,INDOOR
2018,Women's individualdetails,Aída Román,Silver,Female,Mexico,Unknown,INDOOR
2018,Women's individualdetails,Audrey Adiceom,Bronze,Female,France,Unknown,INDOOR
2018,Men's individual,Ivan Kozhokar,Gold,Male,Ukraine,Unknown,INDOOR
2018,Men's individual,Mete Gazoz  Turkey,Silver,Male,Turkey,Unknown,INDOOR
2018,Men's individual,Oleksandr Pantsyru,Bronze,Male,Ukraine,Unknown,INDOOR
2018,Women's individual,Ariuna Budaeva  Russia,Gold,Female,Russia,Unknown,INDOOR
2018,Women's individual,Svetlana Gomboeva  Russia,Silver,Female,Russia,Unknown,INDOOR
2018,Women's individual,Sandra Garza,Bronze,Female,Mexico,Unknown,INDOOR
2018,Men's individualdetails,Mike Schloesser,Gold,Male,Netherlands,Unknown,INDOOR
2018,Men's individualdetails,Sergio Pagni,Silver,Male,Italy,Unknown,INDOOR
2018,Men's individualdetails,Jesse Broadwater,Bronze,Male,States,Unknown,INDOOR
2018,Women's individualdetails,Natalia Avdeeva  Russia,Gold,Female,Russia,Unknown,INDOOR
2018,Women's individualdetails,Yeşim Bostan  Turkey,Silver,Female,Turkey,Unknown,INDOOR
2018,Women's individualdetails,Dawn Groszko,Bronze,Female,Canada,Unknown,INDOOR
2018,Men's individual,Simon Olsen,Gold,Male,Denmark,Unknown,INDOOR
2018,Men's individual,Curtis Broadnax,Silver,Male,States,Unknown,INDOOR
2018,Men's individual,Remy Leonard,Bronze,Male,Australia,Unknown,INDOOR
2018,Women's individual,Cassidy Cox,Gold,Female,States,Unknown,INDOOR
2018,Women's individual,Elisa Roner,Silver,Female,Italy,Unknown,INDOOR
2018,Women's individual,Asstrid Alanis,Bronze,Female,Mexico,Unknown,INDOOR
1969,Barebow Men's individual,Warren Cowles,Gold,Male,Cowles,Unknown,FIELD
1969,Barebow Men's individual,Emil Lehan,Silver,Male,Lehan,Unknown,FIELD
1969,Barebow Men's individual,Pekka Mertanen,Bronze,Male,Mertanen,Unknown,FIELD
1969,Freestyle Men's individual,Richard Branstetter Jr.,Gold,Male,Unknown,Unknown,FIELD
1969,Freestyle Men's individual,Hans Wright,Silver,Male,Wright,Unknown,FIELD
1969,Freestyle Men's individual,Kyösti Laasonen,Bronze,Male,Laasonen,Unknown,FIELD
1969,Barebow Women's individual,Raye Dabelow,Gold,Female,Dabelow,Unknown,FIELD
1969,Barebow Women's individual,Ingegard Grandqvist,Silver,Female,Grandqvist,Unknown,FIELD
1969,Barebow Women's individual,La Rue Bruce,Bronze,Female,Bruce,Unknown,FIELD
1969,Freestyle Women's individual,Irma Danielsson,Gold,Female,Danielsson,Unknown,FIELD
1969,Freestyle Women's individual,Kerstin Beije,Silver,Female,Beije,Unknown,FIELD
1969,Freestyle Women's individual,Janet Ashbaugh,Bronze,Female,Ashbaugh,Unknown,FIELD
1970,Instinctive Men's individual,Elmer Moore,Gold,Male,Moore,Unknown,FIELD
1970,Instinctive Men's individual,Leif Berggren,Silver,Male,Berggren,Unknown,FIELD
1970,Instinctive Men's individual,Soren Wikingsson,Bronze,Male,Wikingsson,Unknown,FIELD
1970,Freestyle Men's individual,Stephen Lieberman,Gold,Male,Lieberman,Unknown,FIELD
1970,Freestyle Men's individual,Derek Gunson,Silver,Male,Gunson,Unknown,FIELD
1970,Freestyle Men's individual,Christopher Labucki,Bronze,Male,Labucki,Unknown,FIELD
1970,Instinctive Women's individual,Eunice Schewe,Gold,Female,Schewe,Unknown,FIELD
1970,Instinctive Women's individual,Ingegerd Grandqvist,Silver,Female,Grandqvist,Unknown,FIELD
1970,Instinctive Women's individual,Ester Lindgren,Bronze,Female,Lindgren,Unknown,FIELD
1970,Freestyle Women's individual,Sonia Johansson,Gold,Female,Johansson,Unknown,FIELD
1970,Freestyle Women's individual,Maureen Bechdolt,Silver,Female,Bechdolt,Unknown,FIELD
1970,Freestyle Women's individual,Barbara Brown,Bronze,Female,Brown,Unknown,FIELD
1972,Instinctive Men's individual,Leif Berggren,Gold,Male,Berggren,Unknown,FIELD
1972,Instinctive Men's individual,Kjell Karlsson,Silver,Male,Karlsson,Unknown,FIELD
1972,Instinctive Men's individual,Veijo Sarvi,Bronze,Male,Sarvi,Unknown,FIELD
1972,Freestyle Men's individual,John Williams,Gold,Male,Williams,Unknown,FIELD
1972,Freestyle Men's individual,Dennis McComak,Silver,Male,McComak,Unknown,FIELD
1972,Freestyle Men's individual,Erik Karlsson,Bronze,Male,Karlsson,Unknown,FIELD
1972,Instinctive Women's individual,Ingegerd Grandqvist,Gold,Female,Grandqvist,Unknown,FIELD
1972,Instinctive Women's individual,Barbara Fielding,Silver,Female,Fielding,Unknown,FIELD
1972,Instinctive Women's individual,Eunice Schewe,Bronze,Female,Schewe,Unknown,FIELD
1972,Freestyle Women's individual,Maureen Bechdolt,Gold,Female,Bechdolt,Unknown,FIELD
1972,Freestyle Women's individual,Maj-Britt Johansson,Silver,Female,Johansson,Unknown,FIELD
1972,Freestyle Women's individual,Irma Danielsson,Bronze,Female,Danielsson,Unknown,FIELD
1974,Barebow Men's individual,Leif Berggren,Gold,Male,Berggren,Unknown,FIELD
1974,Barebow Men's individual,Veijo Sarvi,Silver,Male,Sarvi,Unknown,FIELD
1974,Barebow Men's individual,Frank Ditzler,Bronze,Male,Ditzler,Unknown,FIELD
1974,Freestyle Men's individual,Doug Brothers,Gold,Male,Brothers,Unknown,FIELD
1974,Freestyle Men's individual,Rick Stonebraker,Silver,Male,Stonebraker,Unknown,FIELD
1974,Freestyle Men's individual,Tommy Persson,Bronze,Male,Persson,Unknown,FIELD
1974,Barebow Women's individual,Eunice Schewe,Gold,Female,Schewe,Unknown,FIELD
1974,Barebow Women's individual,Ingegerd Grandqvist,Silver,Female,Grandqvist,Unknown,FIELD
1974,Barebow Women's individual,Anita Järveläinen,Bronze,Female,Järveläinen,Unknown,FIELD
1974,Freestyle Women's individual,Lucille Lessard,Gold,Female,Lessard,Unknown,FIELD
1974,Freestyle Women's individual,Ruth Wallace,Silver,Female,Wallace,Unknown,FIELD
1974,Freestyle Women's individual,Ida Dapoian,Bronze,Female,Dapoian,Unknown,FIELD
1976,Barebow Men's individual,Jukka Virtanen,Gold,Male,Virtanen,Unknown,FIELD
1976,Barebow Men's individual,Veijo Sarvi,Silver,Male,Sarvi,Unknown,FIELD
1976,Barebow Men's individual,Frank Ditzler,Bronze,Male,Ditzler,Unknown,FIELD
1976,Freestyle Men's individual,Tommy Persson,Gold,Male,Persson,Unknown,FIELD
1976,Freestyle Men's individual,Gert Bjerendal,Silver,Male,Bjerendal,Unknown,FIELD
1976,Freestyle Men's individual,Larry Smith,Bronze,Male,Smith,Unknown,FIELD
1976,Barebow Women's individual,Shirley Sandiford,Gold,Female,Sandiford,Unknown,FIELD
1976,Barebow Women's individual,Barbara Fielding,Silver,Female,Fielding,Unknown,FIELD
1976,Barebow Women's individual,Anita Järveläinen,Bronze,Female,Järveläinen,Unknown,FIELD
1976,Freestyle Women's individual,Annemarie Lehmann,Gold,Female,Lehmann,Unknown,FIELD
1976,Freestyle Women's individual,Irene Daubenspeck,Silver,Female,Daubenspeck,Unknown,FIELD
1976,Freestyle Women's individual,Barbro Lindqvist,Bronze,Female,Lindqvist,Unknown,FIELD
1978,Instinctive Men's individual,Anders Rosenberg,Gold,Male,Rosenberg,Unknown,FIELD
1978,Instinctive Men's individual,Pekka Mertanen,Silver,Male,Mertanen,Unknown,FIELD
1978,Instinctive Men's individual,Mats Palmer,Bronze,Male,Palmer,Unknown,FIELD
1978,Freestyle Men's individual,Darrell Pace,Gold,Male,Pace,Unknown,FIELD
1978,Freestyle Men's individual,Richard McKinney,Silver,Male,McKinney,Unknown,FIELD
1978,Freestyle Men's individual,Gert Bjerendal,Bronze,Male,Bjerendal,Unknown,FIELD
1978,Instinctive Women's individual,Suizuki Kubuchi,Gold,Female,Kubuchi,Unknown,FIELD
1978,Instinctive Women's individual,Anne Cecchini,Silver,Female,Cecchini,Unknown,FIELD
1978,Instinctive Women's individual,Ingegard Grandqvist,Bronze,Female,Grandqvist,Unknown,FIELD
1978,Freestyle Women's individual,Annemarie Lehmann,Gold,Female,Lehmann,Unknown,FIELD
1978,Freestyle Women's individual,Ursula Valenta,Silver,Female,Valenta,Unknown,FIELD
1978,Freestyle Women's individual,Irene Daubenspeck,Bronze,Female,Daubenspeck,Unknown,FIELD
1980,Instinctive Men's individual,Anders Rosenberg,Gold,Male,Rosenberg,Unknown,FIELD
1980,Instinctive Men's individual,Lars Weren,Silver,Male,Weren,Unknown,FIELD
1980,Instinctive Men's individual,Roy Mundon,Bronze,Male,Mundon,Unknown,FIELD
1980,Freestyle Men's individual,Tommy Persson,Gold,Male,Persson,Unknown,FIELD
1980,Freestyle Men's individual,Richard McKinney,Silver,Male,McKinney,Unknown,FIELD
1980,Freestyle Men's individual,Kyösti Laasonen,Bronze,Male,Laasonen,Unknown,FIELD
1980,Instinctive Women's individual,Sirpa Kontilla,Gold,Female,Kontilla,Unknown,FIELD
1980,Instinctive Women's individual,Suizuki Kubuchi,Silver,Female,Kubuchi,Unknown,FIELD
1980,Instinctive Women's individual,Adriana Stoppa,Bronze,Female,Stoppa,Unknown,FIELD
1980,Freestyle Women's individual,Carita Jussila,Gold,Female,Jussila,Unknown,FIELD
1980,Freestyle Women's individual,Silvana Velia,Silver,Female,Velia,Unknown,FIELD
1980,Freestyle Women's individual,Annemarie Lehmann,Bronze,Female,Lehmann,Unknown,FIELD
1982,Barebow Men's individual,Anders Rosenberg,Gold,Male,Rosenberg,Unknown,FIELD
1982,Barebow Men's individual,Jaarmo Hilli,Silver,Male,Hilli,Unknown,FIELD
1982,Barebow Men's individual,Lars Weren,Bronze,Male,Weren,Unknown,FIELD
1982,Freestyle Men's individual,Tommy Quick,Gold,Male,Quick,Unknown,FIELD
1982,Freestyle Men's individual,Kyösti Laasonen,Silver,Male,Laasonen,Unknown,FIELD
1982,Freestyle Men's individual,Gjert Bjerendal,Bronze,Male,Bjerendal,Unknown,FIELD
1982,Barebow Women's individual,Annie Dardenne,Gold,Female,Dardenne,Unknown,FIELD
1982,Barebow Women's individual,Adriana Stoppa,Silver,Female,Stoppa,Unknown,FIELD
1982,Barebow Women's individual,Sirpa Kontilla,Bronze,Female,Kontilla,Unknown,FIELD
1982,Freestyle Women's individual,Carita Jussila,Gold,Female,Jussila,Unknown,FIELD
1982,Freestyle Women's individual,Angela Goodall,Silver,Female,Goodall,Unknown,FIELD
1982,Freestyle Women's individual,Ursula Valenta,Bronze,Female,Valenta,Unknown,FIELD
1984,Barebow Men's individual,Lars Weren,Gold,Male,Weren,Unknown,FIELD
1984,Barebow Men's individual,Timo Heikkinen,Silver,Male,Heikkinen,Unknown,FIELD
1984,Barebow Men's individual,Anders Rosenberg,Bronze,Male,Rosenberg,Unknown,FIELD
1984,Freestyle Men's individual,Gjert Bjerendal,Gold,Male,Bjerendal,Unknown,FIELD
1984,Freestyle Men's individual,Richard McKinney,Silver,Male,McKinney,Unknown,FIELD
1984,Freestyle Men's individual,Kyösti Laasonen,Bronze,Male,Laasonen,Unknown,FIELD
1984,Barebow Women's individual,Guissepina Meini,Gold,Female,Meini,Unknown,FIELD
1984,Barebow Women's individual,Tatiana Zurek,Silver,Female,Zurek,Unknown,FIELD
1984,Barebow Women's individual,Ulla Forsell,Bronze,Female,Forsell,Unknown,FIELD
1984,Freestyle Women's individual,Lisa Buscombe,Gold,Female,Buscombe,Unknown,FIELD
1984,Freestyle Women's individual,Angela Goodall,Silver,Female,Goodall,Unknown,FIELD
1984,Freestyle Women's individual,Christine Meier,Bronze,Female,Meier,Unknown,FIELD
1986,Barebow Men's individual,Mats Palmer,Gold,Male,Palmer,Unknown,FIELD
1986,Barebow Men's individual,Anders Rosenberg,Silver,Male,Rosenberg,Unknown,FIELD
1986,Barebow Men's individual,Wolfgang Sedmark,Bronze,Male,Sedmark,Unknown,FIELD
1986,Freestyle Men's individual,Göran Bjerendal,Gold,Male,Bjerendal,Unknown,FIELD
1986,Freestyle Men's individual,Gjert Bjerendal,Silver,Male,Bjerendal,Unknown,FIELD
1986,Freestyle Men's individual,Herbert Reingruber,Bronze,Male,Reingruber,Unknown,FIELD
1986,Barebow Women's individual,Annie Dardenne,Gold,Female,Dardenne,Unknown,FIELD
1986,Barebow Women's individual,Erika Mok,Silver,Female,Mok,Unknown,FIELD
1986,Barebow Women's individual,Guissepina Meini,Bronze,Female,Meini,Unknown,FIELD
1986,Freestyle Women's individual,Carita Jussila,Gold,Female,Jussila,Unknown,FIELD
1986,Freestyle Women's individual,Lisa Buscombe,Silver,Female,Buscombe,Unknown,FIELD
1986,Freestyle Women's individual,Catherine Pellen,Bronze,Female,Pellen,Unknown,FIELD
1986,Barebow Men's individual,Izidor Pozar,Gold,Male,Pozar,Unknown,FIELD
1986,Barebow Men's individual,Olli Sarv,Silver,Male,Sarv,Unknown,FIELD
1986,Barebow Men's individual,Fredrik Hallquist,Bronze,Male,Hallquist,Unknown,FIELD
1986,Freestyle Men's individual,Simon Pavlin,Gold,Male,Pavlin,Unknown,FIELD
1986,Freestyle Men's individual,Thorsten Sauter,Silver,Male,Sauter,Unknown,FIELD
1986,Freestyle Men's individual,Damiano Scaramuzza,Bronze,Male,Scaramuzza,Unknown,FIELD
1988,Barebow Men's individual,Michele Oneto,Gold,Male,Oneto,Unknown,FIELD
1988,Barebow Men's individual,Jarmo Hilli,Silver,Male,Hilli,Unknown,FIELD
1988,Barebow Men's individual,Wolfgang Sedmak,Bronze,Male,Sedmak,Unknown,FIELD
1988,Freestyle Men's individual,Andrea Parenti,Gold,Male,Parenti,Unknown,FIELD
1988,Freestyle Men's individual,Ole Gammelgaard,Silver,Male,Gammelgaard,Unknown,FIELD
1988,Freestyle Men's individual,Jay Barrs,Bronze,Male,Barrs,Unknown,FIELD
1988,Barebow Women's individual,Guissepina Meini,Gold,Female,Meini,Unknown,FIELD
1988,Barebow Women's individual,Erika Mok,Silver,Female,Mok,Unknown,FIELD
1988,Barebow Women's individual,Nadine Visconti,Bronze,Female,Visconti,Unknown,FIELD
1988,Freestyle Women's individual,Liselott Andersson,Gold,Female,Andersson,Unknown,FIELD
1988,Freestyle Women's individual,Catherine Pellen,Silver,Female,Pellen,Unknown,FIELD
1988,Freestyle Women's individual,Carita Jussila,Bronze,Female,Jussila,Unknown,FIELD
1988,Barebow Men's individual,Thomas Mulleman,Gold,Male,Mulleman,Unknown,FIELD
1988,Barebow Men's individual,Peter Rasmusson,Silver,Male,Rasmusson,Unknown,FIELD
1988,Barebow Men's individual,Gabriele Seghetta,Bronze,Male,Seghetta,Unknown,FIELD
1988,Freestyle Men's individual,Andreas Lorenz,Gold,Male,Lorenz,Unknown,FIELD
1988,Freestyle Men's individual,Martial Simon,Silver,Male,Simon,Unknown,FIELD
1988,Freestyle Men's individual,Matthew Gray,Bronze,Male,Gray,Unknown,FIELD
1988,Freestyle Women's individual,Carole Ferriou,Gold,Female,Ferriou,Unknown,FIELD
1988,Freestyle Women's individual,Barbara Gheza,Silver,Female,Gheza,Unknown,FIELD
1988,Freestyle Women's individual,Deonne Bridger,Bronze,Female,Bridger,Unknown,FIELD
1990,Barebow Men's individual,Mats Palmer,Gold,Male,Palmer,Unknown,FIELD
1990,Barebow Men's individual,Tony Pitt-Lancaster,Silver,Male,Lancaster,Unknown,FIELD
1990,Barebow Men's individual,Roy Mundon,Bronze,Male,Mundon,Unknown,FIELD
1990,Freestyle Men's individual,Jay Barrs,Gold,Male,Barrs,Unknown,FIELD
1990,Freestyle Men's individual,Simon Fairweather,Silver,Male,Fairweather,Unknown,FIELD
1990,Freestyle Men's individual,Frances Noteboom,Bronze,Male,Noteboom,Unknown,FIELD
1990,Compound Men's individual,Randall Ulmer,Gold,Male,Ulmer,Unknown,FIELD
1990,Compound Men's individual,Leigh Cornish,Silver,Male,Cornish,Unknown,FIELD
1990,Compound Men's individual,Niels Baldur,Bronze,Male,Baldur,Unknown,FIELD
1990,Barebow Women's individual,Nadine Visconti,Gold,Female,Visconti,Unknown,FIELD
1990,Barebow Women's individual,Giuseppina Meini,Silver,Female,Meini,Unknown,FIELD
1990,Barebow Women's individual,Catarina Digreuw,Bronze,Female,Digreuw,Unknown,FIELD
1990,Freestyle Women's individual,Carole Ferriou,Gold,Female,Ferriou,Unknown,FIELD
1990,Freestyle Women's individual,Jenny Sjowall,Silver,Female,Sjowall,Unknown,FIELD
1990,Freestyle Women's individual,Kitty Frazier,Bronze,Female,Frazier,Unknown,FIELD
1990,Compound Women's individual,Ann Shepherd,Gold,Female,Shepherd,Unknown,FIELD
1990,Compound Women's individual,Valérie Fabre,Silver,Female,Fabre,Unknown,FIELD
1990,Compound Women's individual,Carmen Ceriotti,Bronze,Female,Ceriotti,Unknown,FIELD
1992,Barebow Men's individual,Anders Rosenberg,Gold,Male,Rosenberg,Unknown,FIELD
1992,Barebow Men's individual,Mats Palmer,Silver,Male,Palmer,Unknown,FIELD
1992,Barebow Men's individual,Jean-François Maranzana,Bronze,Male,Maranzana,Unknown,FIELD
1992,Freestyle Men's individual,Jay Barrs,Gold,Male,Barrs,Unknown,FIELD
1992,Freestyle Men's individual,Jean-Paul Laury,Silver,Male,Laury,Unknown,FIELD
1992,Freestyle Men's individual,Göran Bjerendal,Bronze,Male,Bjerendal,Unknown,FIELD
1992,Compound Men's individual,Morgan Lundin,Gold,Male,Lundin,Unknown,FIELD
1992,Compound Men's individual,Niels Baldur,Silver,Male,Baldur,Unknown,FIELD
1992,Compound Men's individual,Paw Lassen,Bronze,Male,Lassen,Unknown,FIELD
1992,Barebow Women's individual,Nadine Visconti,Gold,Female,Visconti,Unknown,FIELD
1992,Barebow Women's individual,Trish Lovell,Silver,Female,Lovell,Unknown,FIELD
1992,Barebow Women's individual,Christina Turolla,Bronze,Female,Turolla,Unknown,FIELD
1992,Freestyle Women's individual,Carole Ferriou,Gold,Female,Ferriou,Unknown,FIELD
1992,Freestyle Women's individual,Catherine Pellen,Silver,Female,Pellen,Unknown,FIELD
1992,Freestyle Women's individual,Judi Adams,Bronze,Female,Adams,Unknown,FIELD
1992,Compound Women's individual,Susanne Kessler,Gold,Female,Kessler,Unknown,FIELD
1992,Compound Women's individual,Cecile Loutan,Silver,Female,Loutan,Unknown,FIELD
1992,Compound Women's individual,Valérie Fabre,Bronze,Female,Fabre,Unknown,FIELD
1994,Barebow Men's individual,Alessandro Gaudenti,Gold,Male,Gaudenti,Unknown,FIELD
1994,Barebow Men's individual,Bob Burns,Silver,Male,Burns,Unknown,FIELD
1994,Barebow Men's individual,Ladislav Voboril,Bronze,Male,Voboril,Unknown,FIELD
1994,Freestyle Men's individual,Andrea Parenti,Gold,Male,Parenti,Unknown,FIELD
1994,Freestyle Men's individual,Sven Giesa,Silver,Male,Giesa,Unknown,FIELD
1994,Freestyle Men's individual,Matthew Gray,Bronze,Male,Gray,Unknown,FIELD
1994,Compound Men's individual,Tom Henriksen,Gold,Male,Henriksen,Unknown,FIELD
1994,Compound Men's individual,Mario Ruele,Silver,Male,Ruele,Unknown,FIELD
1994,Compound Men's individual,Michael Leiter,Bronze,Male,Leiter,Unknown,FIELD
1994,Barebow Women's individual,Odile Boussière,Gold,Female,Boussière,Unknown,FIELD
1994,Barebow Women's individual,Marie Palm,Silver,Female,Palm,Unknown,FIELD
1994,Barebow Women's individual,Jutta Schneider,Bronze,Female,Schneider,Unknown,FIELD
1994,Freestyle Women's individual,Jenny Sjouall,Gold,Female,Sjouall,Unknown,FIELD
1994,Freestyle Women's individual,Carina Henriksson,Silver,Female,Henriksson,Unknown,FIELD
1994,Freestyle Women's individual,Hedi Mittermaier,Bronze,Female,Mittermaier,Unknown,FIELD
1994,Compound Women's individual,Michelle Ragsdale,Gold,Female,Ragsdale,Unknown,FIELD
1994,Compound Women's individual,Petra Eriksson,Silver,Female,Eriksson,Unknown,FIELD
1994,Compound Women's individual,Susanne Kessler,Bronze,Female,Kessler,Unknown,FIELD
1996,Barebow Men's individual,Rensco Van Wees,Gold,Male,Wees,Unknown,FIELD
1996,Barebow Men's individual,Twan Cleven,Silver,Male,Cleven,Unknown,FIELD
1996,Barebow Men's individual,Matthias Larsson,Bronze,Male,Larsson,Unknown,FIELD
1996,Recurve Men's individual,Andrea Parenti,Gold,Male,Parenti,Unknown,FIELD
1996,Recurve Men's individual,Francis Notenboom,Silver,Male,Notenboom,Unknown,FIELD
1996,Recurve Men's individual,Jon Shales,Bronze,Male,Shales,Unknown,FIELD
1996,Compound Men's individual,Jeff Button,Gold,Male,Button,Unknown,FIELD
1996,Compound Men's individual,Janos Povazson,Silver,Male,Povazson,Unknown,FIELD
1996,Compound Men's individual,Stephane Dardenne,Bronze,Male,Dardenne,Unknown,FIELD
1996,Barebow Women's individual,Odile Boussière,Gold,Female,Boussière,Unknown,FIELD
1996,Barebow Women's individual,Trish Lovell,Silver,Female,Lovell,Unknown,FIELD
1996,Barebow Women's individual,Marie Palm,Bronze,Female,Palm,Unknown,FIELD
1996,Recurve Women's individual,Carole Ferriou,Gold,Female,Ferriou,Unknown,FIELD
1996,Recurve Women's individual,Hedi Mittermaier,Silver,Female,Mittermaier,Unknown,FIELD
1996,Recurve Women's individual,Janet Barrs,Bronze,Female,Barrs,Unknown,FIELD
1996,Compound Women's individual,Petra Eriksson,Gold,Female,Eriksson,Unknown,FIELD
1996,Compound Women's individual,Nicole Bartlett,Silver,Female,Bartlett,Unknown,FIELD
1996,Compound Women's individual,Jozica Emersic,Bronze,Female,Emersic,Unknown,FIELD
1998,Compound Men's individual,Peter Andersson,Gold,Male,Andersson,Unknown,FIELD
1998,Compound Men's individual,Dave Cousins,Silver,Male,Cousins,Unknown,FIELD
1998,Compound Men's individual,Niels Badur,Bronze,Male,Badur,Unknown,FIELD
1998,Recurve Men's individual,Jon Shales,Gold,Male,Shales,Unknown,FIELD
1998,Recurve Men's individual,Michele Frangilli,Silver,Male,Frangilli,Unknown,FIELD
1998,Recurve Men's individual,Geert Van Berkel,Bronze,Male,Berkel,Unknown,FIELD
1998,Barebow Men's individual,Erik Jonsson,Gold,Male,Jonsson,Unknown,FIELD
1998,Barebow Men's individual,Matthias Larsson,Silver,Male,Larsson,Unknown,FIELD
1998,Barebow Men's individual,Marjan Podrzaj,Bronze,Male,Podrzaj,Unknown,FIELD
1998,Compound Women's individual,Catherine Pellen,Gold,Female,Pellen,Unknown,FIELD
1998,Compound Women's individual,Michelle Ragsdale,Silver,Female,Ragsdale,Unknown,FIELD
1998,Compound Women's individual,Becky Pearson,Bronze,Female,Pearson,Unknown,FIELD
1998,Recurve Women's individual,Sabine Mayrhofer,Gold,Female,Mayrhofer,Unknown,FIELD
1998,Recurve Women's individual,Irene Franchini,Silver,Female,Franchini,Unknown,FIELD
1998,Recurve Women's individual,Carole Ferriou,Bronze,Female,Ferriou,Unknown,FIELD
1998,Barebow Women's individual,Trish Lovell,Gold,Female,Lovell,Unknown,FIELD
1998,Barebow Women's individual,Odile Boussière,Silver,Female,Boussière,Unknown,FIELD
1998,Barebow Women's individual,Jutta Schneider,Bronze,Female,Schneider,Unknown,FIELD
2000,Compound Men's individual,Morgan Lundin,Gold,Male,Lundin,Unknown,FIELD
2000,Compound Men's individual,Dave Cousins,Silver,Male,Cousins,Unknown,FIELD
2000,Compound Men's individual,Peter Penner,Bronze,Male,Penner,Unknown,FIELD
2000,Recurve Men's individual,Michele Frangilli,Gold,Male,Frangilli,Unknown,FIELD
2000,Recurve Men's individual,Göran Bjerendal,Silver,Male,Bjerendal,Unknown,FIELD
2000,Recurve Men's individual,Jon Shales,Bronze,Male,Shales,Unknown,FIELD
2000,Barebow Men's individual,Mathias Larsson,Gold,Male,Larsson,Unknown,FIELD
2000,Barebow Men's individual,Marjan Podrzaj,Silver,Male,Podrzaj,Unknown,FIELD
2000,Barebow Men's individual,Erik Jonsson,Bronze,Male,Jonsson,Unknown,FIELD
2000,Compound Women's individual,Jahna Davis,Gold,Female,Davis,Unknown,FIELD
2000,Compound Women's individual,Rosanna Spada,Silver,Female,Spada,Unknown,FIELD
2000,Compound Women's individual,Monika Blume Thasler,Bronze,Female,Thasler,Unknown,FIELD
2000,Recurve Women's individual,Christel van Berkel,Gold,Female,Berkel,Unknown,FIELD
2000,Recurve Women's individual,Manuela Kaltenmark,Silver,Female,Kaltenmark,Unknown,FIELD
2000,Recurve Women's individual,Cristina Ioratti,Bronze,Female,Ioratti,Unknown,FIELD
2000,Barebow Women's individual,Trish Lovell,Gold,Female,Lovell,Unknown,FIELD
2000,Barebow Women's individual,Odile Boussière,Silver,Female,Boussière,Unknown,FIELD
2000,Barebow Women's individual,Anne Vikjanen,Bronze,Female,Vikjanen,Unknown,FIELD
2000,Compound Men's individual,Giacomo Biaggini,Gold,Male,Biaggini,Unknown,FIELD
2000,Compound Men's individual,Lawrence Lovell,Silver,Male,Lovell,Unknown,FIELD
2000,Compound Men's individual,nan,Bronze,Male,Unknown,Unknown,FIELD
2000,Recurve Men's individual,Daniele Ascenzi,Gold,Male,Ascenzi,Unknown,FIELD
2000,Recurve Men's individual,Dave Van De Coelen,Silver,Male,Coelen,Unknown,FIELD
2000,Recurve Men's individual,Jan Verhoeven,Bronze,Male,Verhoeven,Unknown,FIELD
2000,Barebow Men's individual,Luca Del Secco,Gold,Male,Secco,Unknown,FIELD
2000,Barebow Men's individual,nan,Silver,Male,Unknown,Unknown,FIELD
2000,Barebow Men's individual,nan,Bronze,Male,Unknown,Unknown,FIELD
2000,Compound Women's individual,Francesca Fabruzzo,Gold,Female,Fabruzzo,Unknown,FIELD
2000,Compound Women's individual,nan,Silver,Female,Unknown,Unknown,FIELD
2000,Compound Women's individual,nan,Bronze,Female,Unknown,Unknown,FIELD
2000,Barebow Women's individual,Aden Mulligan,Gold,Female,Mulligan,Unknown,FIELD
2000,Barebow Women's individual,Darinka De Lucia,Silver,Female,Lucia,Unknown,FIELD
2000,Barebow Women's individual,nan,Bronze,Female,Unknown,Unknown,FIELD
2002,Compound Men's individual,Dave Cousins,Gold,Male,Cousins,Unknown,FIELD
2002,Compound Men's individual,Chris White,Silver,Male,White,Unknown,FIELD
2002,Compound Men's individual,Stephane Dardenne,Bronze,Male,Dardenne,Unknown,FIELD
2002,Recurve Men's individual,Michele Frangilli,Gold,Male,Frangilli,Unknown,FIELD
2002,Recurve Men's individual,Sebastian Rohrberg,Silver,Male,Rohrberg,Unknown,FIELD
2002,Recurve Men's individual,Alan Wills,Bronze,Male,Wills,Unknown,FIELD
2002,Barebow Men's individual,Martin Ottosson,Gold,Male,Ottosson,Unknown,FIELD
2002,Barebow Men's individual,Twan Cleven,Silver,Male,Cleven,Unknown,FIELD
2002,Barebow Men's individual,Danielle Bellotti,Bronze,Male,Bellotti,Unknown,FIELD
2002,Compound Women's individual,Catherine Pellen,Gold,Female,Pellen,Unknown,FIELD
2002,Compound Women's individual,Karin Teghammar,Silver,Female,Teghammar,Unknown,FIELD
2002,Compound Women's individual,Anne Laurila,Bronze,Female,Laurila,Unknown,FIELD
2002,Recurve Women's individual,Laure Barcynski,Gold,Female,Barcynski,Unknown,FIELD
2002,Recurve Women's individual,Cristina Ioratti,Silver,Female,Ioratti,Unknown,FIELD
2002,Recurve Women's individual,Irene Franchini,Bronze,Female,Franchini,Unknown,FIELD
2002,Barebow Women's individual,Reingild Linhart,Gold,Female,Linhart,Unknown,FIELD
2002,Barebow Women's individual,Monika Jentges,Silver,Female,Jentges,Unknown,FIELD
2002,Barebow Women's individual,Trish Lovell,Bronze,Female,Lovell,Unknown,FIELD
2004,Compound Men's individual,Chris White,Gold,Male,White,Unknown,FIELD
2004,Compound Men's individual,John Dudley,Silver,Male,Dudley,Unknown,FIELD
2004,Compound Men's individual,Morgan Lundin,Bronze,Male,Lundin,Unknown,FIELD
2004,Recurve Men's individual,Sebastian Rohrberg,Gold,Male,Rohrberg,Unknown,FIELD
2004,Recurve Men's individual,Joseph McGlyn,Silver,Male,McGlyn,Unknown,FIELD
2004,Recurve Men's individual,Jean-Michel Piquet,Bronze,Male,Piquet,Unknown,FIELD
2004,Barebow Men's individual,Erik Jonsson,Gold,Male,Jonsson,Unknown,FIELD
2004,Barebow Men's individual,Mario Orlandi,Silver,Male,Orlandi,Unknown,FIELD
2004,Barebow Men's individual,Mathias Larsson,Bronze,Male,Larsson,Unknown,FIELD
2004,Compound Women's individual,Francoise Volle,Gold,Female,Volle,Unknown,FIELD
2004,Compound Women's individual,Petra Friedl,Silver,Female,Friedl,Unknown,FIELD
2004,Compound Women's individual,Martina Schacht,Bronze,Female,Schacht,Unknown,FIELD
2004,Recurve Women's individual,Jessica Tomasi,Gold,Female,Tomasi,Unknown,FIELD
2004,Recurve Women's individual,Elisabetta Buono,Silver,Female,Buono,Unknown,FIELD
2004,Recurve Women's individual,Manuela Kaltenmark,Bronze,Female,Kaltenmark,Unknown,FIELD
2004,Barebow Women's individual,Monika Jentges,Gold,Female,Jentges,Unknown,FIELD
2004,Barebow Women's individual,Reingild Linhart,Silver,Female,Linhart,Unknown,FIELD
2004,Barebow Women's individual,Marian Howells,Bronze,Female,Howells,Unknown,FIELD
2004,Compound Men's individual,Stefano Zanobetti,Gold,Male,Zanobetti,Unknown,FIELD
2004,Compound Men's individual,Mikael Roos,Silver,Male,Roos,Unknown,FIELD
2004,Compound Men's individual,Milan Kiss,Bronze,Male,Kiss,Unknown,FIELD
2004,Recurve Men's individual,Ivan Muznik,Gold,Male,Muznik,Unknown,FIELD
2004,Recurve Men's individual,Rok Mažgon,Silver,Male,Mažgon,Unknown,FIELD
2004,Recurve Men's individual,Alessandro Anderle,Bronze,Male,Anderle,Unknown,FIELD
2004,Barebow Men's individual,Andreas Lindstrom,Gold,Male,Lindstrom,Unknown,FIELD
2004,Barebow Men's individual,Gavin Howells,Silver,Male,Howells,Unknown,FIELD
2004,Barebow Men's individual,Andrej Natlačen,Bronze,Male,Natlačen,Unknown,FIELD
2004,Compound Women's individual,Isabell Danielsson,Gold,Female,Danielsson,Unknown,FIELD
2004,Compound Women's individual,Sara Boberg,Silver,Female,Boberg,Unknown,FIELD
2004,Compound Women's individual,Claudia Benigni,Bronze,Female,Benigni,Unknown,FIELD
2004,Recurve Women's individual,Maja Žlender,Gold,Female,Žlender,Unknown,FIELD
2004,Recurve Women's individual,Carla Frangilli,Silver,Female,Frangilli,Unknown,FIELD
2004,Recurve Women's individual,Arianna Zenoniani,Bronze,Female,Zenoniani,Unknown,FIELD
2004,Barebow Women's individual,Irene Mausoli,Gold,Female,Mausoli,Unknown,FIELD
2004,Barebow Women's individual,nan,Silver,Female,Unknown,Unknown,FIELD
2004,Barebow Women's individual,nan,Bronze,Female,Unknown,Unknown,FIELD
2006,Compound Men's individual,Morgan Lundin,Gold,Male,Lundin,Unknown,FIELD
2006,Compound Men's individual,Dave Cousins,Silver,Male,Cousins,Unknown,FIELD
2006,Compound Men's individual,John Dudley,Bronze,Male,Dudley,Unknown,FIELD
2006,Recurve Men's individual,Michele Frangilli,Gold,Male,Frangilli,Unknown,FIELD
2006,Recurve Men's individual,Sebastian Rohrberg,Silver,Male,Rohrberg,Unknown,FIELD
2006,Recurve Men's individual,Vic Wunderle,Bronze,Male,Wunderle,Unknown,FIELD
2006,Barebow Men's individual,Giuseppe Seimandi,Gold,Male,Seimandi,Unknown,FIELD
2006,Barebow Men's individual,Mathias Larsson,Silver,Male,Larsson,Unknown,FIELD
2006,Barebow Men's individual,Sergio Massimo Cassiani,Bronze,Male,Cassiani,Unknown,FIELD
2006,Compound Women's individual,Silke Hottecke,Gold,Female,Hottecke,Unknown,FIELD
2006,Compound Women's individual,Gladys Willems,Silver,Female,Willems,Unknown,FIELD
2006,Compound Women's individual,Jamie Van Natta,Bronze,Female,Natta,Unknown,FIELD
2006,Recurve Women's individual,Dolores Cekanda,Gold,Female,Cekanda,Unknown,FIELD
2006,Recurve Women's individual,Sophie Dodemont,Silver,Female,Dodemont,Unknown,FIELD
2006,Recurve Women's individual,Naomi Folkard,Bronze,Female,Folkard,Unknown,FIELD
2006,Barebow Women's individual,Luciana Pennacchi,Gold,Female,Pennacchi,Unknown,FIELD
2006,Barebow Women's individual,Monika Jentges,Silver,Female,Jentges,Unknown,FIELD
2006,Barebow Women's individual,Christine Gauthé,Bronze,Female,Gauthé,Unknown,FIELD
2006,Compound Men's individual,Mikkel Norgaard,Gold,Male,Norgaard,Unknown,FIELD
2006,Compound Men's individual,Mikael Roos,Silver,Male,Roos,Unknown,FIELD
2006,Compound Men's individual,Christian Hedwall,Bronze,Male,Hedwall,Unknown,FIELD
2006,Recurve Men's individual,Lars Eggestig,Gold,Male,Eggestig,Unknown,FIELD
2006,Recurve Men's individual,Robert Landskaug,Silver,Male,Landskaug,Unknown,FIELD
2006,Recurve Men's individual,Juuso Huhtala,Bronze,Male,Huhtala,Unknown,FIELD
2006,Barebow Men's individual,Mattia Careggio,Gold,Male,Careggio,Unknown,FIELD
2006,Barebow Men's individual,Michal Sot,Silver,Male,Sot,Unknown,FIELD
2006,Barebow Men's individual,Urban Jelenc,Bronze,Male,Jelenc,Unknown,FIELD
2006,Compound Women's individual,Malin Johansson,Gold,Female,Johansson,Unknown,FIELD
2006,Compound Women's individual,Tanja Zorman,Silver,Female,Zorman,Unknown,FIELD
2006,Compound Women's individual,Anastasia Anastasio,Bronze,Female,Anastasio,Unknown,FIELD
2006,Recurve Women's individual,Malin Wallin,Gold,Female,Wallin,Unknown,FIELD
2006,Recurve Women's individual,not awarded,Silver,Female,awarded,Unknown,FIELD
2006,Recurve Women's individual,not awarded,Bronze,Female,awarded,Unknown,FIELD
2006,Barebow Women's individual,Petra Krt,Gold,Female,Krt,Unknown,FIELD
2006,Barebow Women's individual,Sara Emanuelsson,Silver,Female,Emanuelsson,Unknown,FIELD
2006,Barebow Women's individual,Erika Seger,Bronze,Female,Seger,Unknown,FIELD
2008,Compound Men's individual,Rod Menzer,Gold,Male,Menzer,Unknown,FIELD
2008,Compound Men's individual,Stephane Dardenne,Silver,Male,Dardenne,Unknown,FIELD
2008,Compound Men's individual,Dave Cousins,Bronze,Male,Cousins,Unknown,FIELD
2008,Recurve Men's individual,Sebastian Rohrberg,Gold,Male,Rohrberg,Unknown,FIELD
2008,Recurve Men's individual,Andreas Heuwing,Silver,Male,Heuwing,Unknown,FIELD
2008,Recurve Men's individual,Yuki Sakaeyama,Bronze,Male,Sakaeyama,Unknown,FIELD
2008,Barebow Men's individual,Sergio Massimo Cassiani,Gold,Male,Cassiani,Unknown,FIELD
2008,Barebow Men's individual,Ladislav Voboril,Silver,Male,Voboril,Unknown,FIELD
2008,Barebow Men's individual,Mathias Larsson,Bronze,Male,Larsson,Unknown,FIELD
2008,Compound Women's individual,Jamie Van Natta,Gold,Female,Natta,Unknown,FIELD
2008,Compound Women's individual,Ulrika Sjöwall,Silver,Female,Sjöwall,Unknown,FIELD
2008,Compound Women's individual,Anne Laurila,Bronze,Female,Laurila,Unknown,FIELD
2008,Recurve Women's individual,Jessica Tomasi,Gold,Female,Tomasi,Unknown,FIELD
2008,Recurve Women's individual,Elin Kattstrom,Silver,Female,Kattstrom,Unknown,FIELD
2008,Recurve Women's individual,Lisa Unruh,Bronze,Female,Unruh,Unknown,FIELD
2008,Barebow Women's individual,Becky Nelson-Harris,Gold,Female,Harris,Unknown,FIELD
2008,Barebow Women's individual,Annika Åhlund,Silver,Female,Åhlund,Unknown,FIELD
2008,Barebow Women's individual,Manja Conrad,Bronze,Female,Conrad,Unknown,FIELD
2008,Compound Men's individual,Alex Bridgman,Gold,Male,Bridgman,Unknown,FIELD
2008,Compound Men's individual,Thor Finderup Sorensen,Silver,Male,Sorensen,Unknown,FIELD
2008,Compound Men's individual,Florian Oswald,Bronze,Male,Oswald,Unknown,FIELD
2008,Recurve Men's individual,Massimilliano Mandia,Gold,Male,Mandia,Unknown,FIELD
2008,Recurve Men's individual,Youjia Yuan,Silver,Male,Yuan,Unknown,FIELD
2008,Recurve Men's individual,Christopher Wells,Bronze,Male,Wells,Unknown,FIELD
2008,Recurve Women's individual,Ana Umer,Gold,Female,Umer,Unknown,FIELD
2008,Recurve Women's individual,Hui Jiang,Silver,Female,Jiang,Unknown,FIELD
2008,Recurve Women's individual,Stefania Rolle,Bronze,Female,Rolle,Unknown,FIELD
2010,Compound Men's individual,Dave Cousins,Gold,Male,Cousins,Unknown,FIELD
2010,Compound Men's individual,Kevin Wilkey,Silver,Male,Wilkey,Unknown,FIELD
2010,Compound Men's individual,Jeremy Thierry,Bronze,Male,Thierry,Unknown,FIELD
2010,Recurve Men's individual,Alan Wills,Gold,Male,Wills,Unknown,FIELD
2010,Recurve Men's individual,Jon Shales,Silver,Male,Shales,Unknown,FIELD
2010,Recurve Men's individual,Sebastian Rohrberg,Bronze,Male,Rohrberg,Unknown,FIELD
2010,Barebow Men's individual,Pasi Ahjokivi,Gold,Male,Ahjokivi,Unknown,FIELD
2010,Barebow Men's individual,Giuseppe Seimandi,Silver,Male,Seimandi,Unknown,FIELD
2010,Barebow Men's individual,Sergio Massimo Cassiani,Bronze,Male,Cassiani,Unknown,FIELD
2010,Compound Women's individual,Anne Lantee,Gold,Female,Lantee,Unknown,FIELD
2010,Compound Women's individual,Isabell Danielsson,Silver,Female,Danielsson,Unknown,FIELD
2010,Compound Women's individual,Gladys Willems,Bronze,Female,Willems,Unknown,FIELD
2010,Recurve Women's individual,Christine Bjerendal,Gold,Female,Bjerendal,Unknown,FIELD
2010,Recurve Women's individual,Naomi Folkard,Silver,Female,Folkard,Unknown,FIELD
2010,Recurve Women's individual,Jessica Tomasi,Bronze,Female,Tomasi,Unknown,FIELD
2010,Barebow Women's individual,Eleonora Strobbe,Gold,Female,Strobbe,Unknown,FIELD
2010,Barebow Women's individual,Christine Gauthe,Silver,Female,Gauthe,Unknown,FIELD
2010,Barebow Women's individual,Monika Jentges,Bronze,Female,Jentges,Unknown,FIELD
2010,Compound Men's individual,Sean Elsa,Gold,Male,Elsa,Unknown,FIELD
2010,Compound Men's individual,Florian Oswald,Silver,Male,Oswald,Unknown,FIELD
2010,Compound Men's individual,Alex Bridgman,Bronze,Male,Bridgman,Unknown,FIELD
2010,Recurve Men's individual,Jarrod Nicholson,Gold,Male,Nicholson,Unknown,FIELD
2010,Recurve Men's individual,Marco Morello,Silver,Male,Morello,Unknown,FIELD
2010,Recurve Men's individual,Florian Dorer,Bronze,Male,Dorer,Unknown,FIELD
2010,Barebow Men's individual,Raphael Petit Minuesa,Gold,Male,Minuesa,Unknown,FIELD
2010,Barebow Men's individual,Kalle Puman,Silver,Male,Puman,Unknown,FIELD
2010,Barebow Men's individual,Marco Spano,Bronze,Male,Spano,Unknown,FIELD
2010,Compound Women's individual,Emeline Salmon,Gold,Female,Salmon,Unknown,FIELD
2010,Compound Women's individual,Hunter Jackson,Silver,Female,Jackson,Unknown,FIELD
2010,Compound Women's individual,Anastasia Anastasio,Bronze,Female,Anastasio,Unknown,FIELD
2010,Recurve Women's individual,Zoe Gobbels,Gold,Female,Gobbels,Unknown,FIELD
2010,Recurve Women's individual,Elenea Morabito,Silver,Female,Morabito,Unknown,FIELD
2010,Recurve Women's individual,Ana Umer,Bronze,Female,Umer,Unknown,FIELD
2012,Compound Men's individual,Jesse Broadwater,Gold,Male,Broadwater,Unknown,FIELD
2012,Compound Men's individual,Slavko Tursic,Silver,Male,Tursic,Unknown,FIELD
2012,Compound Men's individual,Dave Cousins,Bronze,Male,Cousins,Unknown,FIELD
2012,Recurve Men's individual,Jean-Charles Valladont,Gold,Male,Valladont,Unknown,FIELD
2012,Recurve Men's individual,Jake Kaminski,Silver,Male,Kaminski,Unknown,FIELD
2012,Recurve Men's individual,Jon Shales,Bronze,Male,Shales,Unknown,FIELD
2012,Barebow Men's individual,Sebastian Juanola Codina,Gold,Male,Codina,Unknown,FIELD
2012,Barebow Men's individual,Alan Eagleton,Silver,Male,Eagleton,Unknown,FIELD
2012,Barebow Men's individual,Giuseppe Seimandi,Bronze,Male,Seimandi,Unknown,FIELD
2012,Compound Women's individual,Ivana Buden,Gold,Female,Buden,Unknown,FIELD
2012,Compound Women's individual,Paige Pearce,Silver,Female,Pearce,Unknown,FIELD
2012,Compound Women's individual,Petra Goebel,Bronze,Female,Goebel,Unknown,FIELD
2012,Recurve Women's individual,Elena Richter,Gold,Female,Richter,Unknown,FIELD
2012,Recurve Women's individual,Zoe Gobbels,Silver,Female,Gobbels,Unknown,FIELD
2012,Recurve Women's individual,Naomi Folkard,Bronze,Female,Folkard,Unknown,FIELD
2012,Barebow Women's individual,Lina Bjorklund,Gold,Female,Bjorklund,Unknown,FIELD
2012,Barebow Women's individual,Elenora Strobbe,Silver,Female,Strobbe,Unknown,FIELD
2012,Barebow Women's individual,Monika Jentges,Bronze,Female,Jentges,Unknown,FIELD
2012,Compound Men's individual,Renaud Domanski,Gold,Male,Domanski,Unknown,FIELD
2012,Compound Men's individual,Alex Bridgman,Silver,Male,Bridgman,Unknown,FIELD
2012,Compound Men's individual,Domagoj Buden,Bronze,Male,Buden,Unknown,FIELD
2012,Recurve Men's individual,Jesper Fredriksson,Gold,Male,Fredriksson,Unknown,FIELD
2012,Recurve Men's individual,Marco Morello,Silver,Male,Morello,Unknown,FIELD
2012,Recurve Men's individual,Paul Andre Hagen,Bronze,Male,Hagen,Unknown,FIELD
2012,Barebow Men's individual,No Event,Gold,Male,Event,Unknown,FIELD
2012,Barebow Men's individual,nan,Silver,Male,Unknown,Unknown,FIELD
2012,Barebow Men's individual,nan,Bronze,Male,Unknown,Unknown,FIELD
2012,Compound Women's individual,Sabrina Franzoi,Gold,Female,Franzoi,Unknown,FIELD
2012,Compound Women's individual,Maja Orlic,Silver,Female,Orlic,Unknown,FIELD
2012,Compound Women's individual,Runa Grydeland,Bronze,Female,Grydeland,Unknown,FIELD
2012,Recurve Women's individual,Marion Vives,Gold,Female,Vives,Unknown,FIELD
2012,Recurve Women's individual,Mirjam Tuokkola,Silver,Female,Tuokkola,Unknown,FIELD
2012,Recurve Women's individual,Sandra van der Looy,Bronze,Female,Looy,Unknown,FIELD
2012,Barebow Women's individual,No Event,Gold,Female,Event,Unknown,FIELD
2012,Barebow Women's individual,nan,Silver,Female,Unknown,Unknown,FIELD
2012,Barebow Women's individual,nan,Bronze,Female,Unknown,Unknown,FIELD
2014,Compound Men's individual,Jesse Broadwater,Gold,Male,Broadwater,Unknown,FIELD
2014,Compound Men's individual,Christopher White,Silver,Male,White,Unknown,FIELD
2014,Compound Men's individual,Slavko Tursic,Bronze,Male,Tursic,Unknown,FIELD
2014,Recurve Men's individual,Brady Ellison,Gold,Male,Ellison,Unknown,FIELD
2014,Recurve Men's individual,Jean-Charles Valladont,Silver,Male,Valladont,Unknown,FIELD
2014,Recurve Men's individual,Jerome Bidault,Bronze,Male,Bidault,Unknown,FIELD
2014,Barebow Men's individual,Erik Jonsson,Gold,Male,Jonsson,Unknown,FIELD
2014,Barebow Men's individual,Martin Ottosson,Silver,Male,Ottosson,Unknown,FIELD
2014,Barebow Men's individual,Michael Fisher,Bronze,Male,Fisher,Unknown,FIELD
2014,Compound Women's individual,Toja Cerne,Gold,Female,Cerne,Unknown,FIELD
2014,Compound Women's individual,Ivana Buden,Silver,Female,Buden,Unknown,FIELD
2014,Compound Women's individual,Sandrine Vandionant-Frangilli,Bronze,Female,Frangilli,Unknown,FIELD
2014,Recurve Women's individual,Lisa Unruh,Gold,Female,Unruh,Unknown,FIELD
2014,Recurve Women's individual,Laure Delfau,Silver,Female,Delfau,Unknown,FIELD
2014,Recurve Women's individual,Naomi Folkard,Bronze,Female,Folkard,Unknown,FIELD
2014,Barebow Women's individual,Lina Bjorklund,Gold,Female,Bjorklund,Unknown,FIELD
2014,Barebow Women's individual,Cinzia Noziglia,Silver,Female,Noziglia,Unknown,FIELD
2014,Barebow Women's individual,Eleonora Strobbe,Bronze,Female,Strobbe,Unknown,FIELD
2014,Compound Men's individual,Mario Vavro,Gold,Male,Vavro,Unknown,FIELD
2014,Compound Men's individual,Jordan Mitchell,Silver,Male,Mitchell,Unknown,FIELD
2014,Compound Men's individual,Domagoj Buden,Bronze,Male,Buden,Unknown,FIELD
2014,Recurve Men's individual,Matija Mihalic,Gold,Male,Mihalic,Unknown,FIELD
2014,Recurve Men's individual,Nathan Yamaguchi,Silver,Male,Yamaguchi,Unknown,FIELD
2014,Recurve Men's individual,Jan Zapletal,Bronze,Male,Zapletal,Unknown,FIELD
2014,Barebow Men's individual,Alessio Noceti,Gold,Male,Noceti,Unknown,FIELD
2014,Barebow Men's individual,Craig McCreery,Silver,Male,McCreery,Unknown,FIELD
2014,Barebow Men's individual,Mike Cleven,Bronze,Male,Cleven,Unknown,FIELD
2014,Compound Women's individual,Maja Orlic,Gold,Female,Orlic,Unknown,FIELD
2014,Compound Women's individual,Runa Grydeland,Silver,Female,Grydeland,Unknown,FIELD
2014,Compound Women's individual,Rebecca Lennon,Bronze,Female,Lennon,Unknown,FIELD
2014,Recurve Women's individual,Miriam Trafford,Gold,Female,Trafford,Unknown,FIELD
2014,Recurve Women's individual,Karissa Yamaguchi,Silver,Female,Yamaguchi,Unknown,FIELD
2014,Recurve Women's individual,Laura Baldelli,Bronze,Female,Baldelli,Unknown,FIELD
2014,Barebow Women's individual,Anna Carrasco,Gold,Female,Carrasco,Unknown,FIELD
2014,Barebow Women's individual,Sophie Benton,Silver,Female,Benton,Unknown,FIELD
2014,Barebow Women's individual,Elodie Donval,Bronze,Female,Donval,Unknown,FIELD
2022,Compound Men's individual,Dave Cousins,Gold,Male,Cousins,Unknown,FIELD
2022,Compound Men's individual,Nico Wiener,Silver,Male,Wiener,Unknown,FIELD
2022,Compound Men's individual,Alexander Kullberg,Bronze,Male,Kullberg,Unknown,FIELD
2022,Recurve Men's individual,Florian Unruh,Gold,Male,Unruh,Unknown,FIELD
2022,Recurve Men's individual,Matthew Nofel,Silver,Male,Nofel,Unknown,FIELD
2022,Recurve Men's individual,Patrick Huston,Bronze,Male,Huston,Unknown,FIELD
2022,Barebow Men's individual,David Jackson,Gold,Male,Jackson,Unknown,FIELD
2022,Barebow Men's individual,Eric Esposito,Silver,Male,Esposito,Unknown,FIELD
2022,Barebow Men's individual,Martin Ottosson,Bronze,Male,Ottosson,Unknown,FIELD
2022,Compound Women's individual,Paige Pearce,Gold,Female,Pearce,Unknown,FIELD
2022,Compound Women's individual,Toja Ellison,Silver,Female,Ellison,Unknown,FIELD
2022,Compound Women's individual,Julia Böhnke,Bronze,Female,Böhnke,Unknown,FIELD
2022,Recurve Women's individual,Chiara Rebagliati,Gold,Female,Rebagliati,Unknown,FIELD
2022,Recurve Women's individual,Bryony Pitman,Silver,Female,Pitman,Unknown,FIELD
2022,Recurve Women's individual,Aurélie Autret,Bronze,Female,Autret,Unknown,FIELD
2022,Barebow Women's individual,Cinzia Noziglia,Gold,Female,Noziglia,Unknown,FIELD
2022,Barebow Women's individual,Christine Gauthe,Silver,Female,Gauthe,Unknown,FIELD
2022,Barebow Women's individual,Megumi Masaki,Bronze,Female,Masaki,Unknown,FIELD
2022,Compound Men's individual,Dustin Watson,Gold,Male,Watson,Unknown,FIELD
2022,Compound Men's individual,Tim Jevsnik,Silver,Male,Jevsnik,Unknown,FIELD
2022,Compound Men's individual,Aljaz Matija Brenk,Bronze,Male,Brenk,Unknown,FIELD
2022,Recurve Men's individual,Francho Rufas Morillo,Gold,Male,Morillo,Unknown,FIELD
2022,Recurve Men's individual,Richard Krejčí,Silver,Male,Krejčí,Unknown,FIELD
2022,Recurve Men's individual,Antoine Balanant,Bronze,Male,Balanant,Unknown,FIELD
2022,Barebow Men's individual,Adrian Vlase,Gold,Male,Vlase,Unknown,FIELD
2022,Barebow Men's individual,Max Rossiter,Silver,Male,Rossiter,Unknown,FIELD
2022,Barebow Men's individual,Not awarded,Bronze,Male,awarded,Unknown,FIELD
2022,Compound Women's individual,Lilie Aguilar,Gold,Female,Aguilar,Unknown,FIELD
2022,Compound Women's individual,Andreea Albu,Silver,Female,Albu,Unknown,FIELD
2022,Compound Women's individual,Ylva Hjelle,Bronze,Female,Hjelle,Unknown,FIELD
2022,Recurve Women's individual,Aiko Rolando,Gold,Female,Rolando,Unknown,FIELD
2022,Recurve Women's individual,Roberta Di Francesco,Silver,Female,Francesco,Unknown,FIELD
2022,Recurve Women's individual,Louisa Piper,Bronze,Female,Piper,Unknown,FIELD
2022,Barebow Women's individual,Rubie Chambers,Gold,Female,Chambers,Unknown,FIELD
2022,Barebow Women's individual,Elena Topliceanu,Silver,Female,Topliceanu,Unknown,FIELD
2022,Barebow Women's individual,Aitana Gracia Ardoiz,Bronze,Female,Ardoiz,Unknown,FIELD
2024,Compound Men's individual,Mike Schloesser,Gold,Male,Netherlands,Unknown,FIELD
2024,Compound Men's individual,Florian Stadler,Silver,Male,Germany,Unknown,FIELD
2024,Compound Men's individual,Roberto Carosati,Bronze,Male,Italy,Unknown,FIELD
2024,Recurve Men's individual,Brady Ellison,Gold,Male,States,Unknown,FIELD
2024,Recurve Men's individual,Ryan Tyack,Silver,Male,Australia,Unknown,FIELD
2024,Recurve Men's individual,Matthew Nofel,Bronze,Male,States,Unknown,FIELD
2024,Barebow Men's individual,Cesar Vera Bringas,Gold,Male,Spain,Unknown,FIELD
2024,Barebow Men's individual,Erik Jonsson,Silver,Male,Sweden,Unknown,FIELD
2024,Barebow Men's individual,Giuseppe Seimandi,Bronze,Male,Italy,Unknown,FIELD
2024,Compound Women's individual,Paige Pearce,Gold,Female,States,Unknown,FIELD
2024,Compound Women's individual,Amanda Mlinarić,Silver,Female,Croatia,Unknown,FIELD
2024,Compound Women's individual,Ella Gibson  Great Britain,Bronze,Female,Britain,Unknown,FIELD
2024,Recurve Women's individual,Roberta Di Francesco,Gold,Female,Italy,Unknown,FIELD
2024,Recurve Women's individual,Gaby Schloesser,Silver,Female,Netherlands,Unknown,FIELD
2024,Recurve Women's individual,Chiara Rebagliati,Bronze,Female,Italy,Unknown,FIELD
2024,Barebow Women's individual,Fawn Girard,Gold,Female,States,Unknown,FIELD
2024,Barebow Women's individual,Claudia Noemí Carcacha,Silver,Female,Argentina,Unknown,FIELD
2024,Barebow Women's individual,Livia Fabris,Bronze,Female,Italy,Unknown,FIELD
2024,Compound Men's individual,Dewey Hathaway,Gold,Male,States,Unknown,FIELD
2024,Compound Men's individual,Fabrizio Aloisi,Silver,Male,Italy,Unknown,FIELD
2024,Compound Men's individual,Stef Willems,Bronze,Male,Netherlands,Unknown,FIELD
2024,Recurve Men's individual,Nectarios Condurache,Gold,Male,Romania,Unknown,FIELD
2024,Recurve Men's individual,Daniel Medveczky,Silver,Male,Slovakia,Unknown,FIELD
2024,Recurve Men's individual,Christopher Jackson,Bronze,Male,Australia,Unknown,FIELD
2024,Barebow Men's individual,Ludvig Rohlin,Gold,Male,Sweden,Unknown,FIELD
2024,Barebow Men's individual,Oliver Hicks  Great Britain,Silver,Male,Britain,Unknown,FIELD
2024,Barebow Men's individual,Hugo Lobb,Bronze,Male,Australia,Unknown,FIELD
2024,Compound Women's individual,Jaqueline Ringström,Gold,Female,Sweden,Unknown,FIELD
2024,Compound Women's individual,Giulia Di Nardo,Silver,Female,Italy,Unknown,FIELD
2024,Compound Women's individual,Rendyn Brooks,Bronze,Female,States,Unknown,FIELD
2024,Recurve Women's individual,Lucia Mosna,Gold,Female,Italy,Unknown,FIELD
2024,Recurve Women's individual,Amelia Gagne,Silver,Female,Canada,Unknown,FIELD
2024,Recurve Women's individual,Hailey Franzone,Bronze,Female,States,Unknown,FIELD
2024,Barebow Women's individual,Barbara Feltre,Gold,Female,Italy,Unknown,FIELD
2024,Barebow Women's individual,Jaelyn Coleman,Silver,Female,States,Unknown,FIELD
2024,Barebow Women's individual,Tessa Hogan,Bronze,Female,States,Unknown,FIELD
1971,Instinctive Men's individual,Elmer Moore,Gold,Male,Moore,Unknown,FIELD
1971,Instinctive Men's individual,Leif Berggren,Silver,Male,Berggren,Unknown,FIELD
1971,Instinctive Men's individual,Soren Wikingsson,Bronze,Male,Wikingsson,Unknown,FIELD
1971,Freestyle Men's individual,Stephen Lieberman,Gold,Male,Lieberman,Unknown,FIELD
1971,Freestyle Men's individual,Derek Gunson,Silver,Male,Gunson,Unknown,FIELD
1971,Freestyle Men's individual,Christopher Labucki,Bronze,Male,Labucki,Unknown,FIELD
1971,Instinctive Women's individual,Eunice Schewe,Gold,Female,Schewe,Unknown,FIELD
1971,Instinctive Women's individual,Ingegerd Grandqvist,Silver,Female,Grandqvist,Unknown,FIELD
1971,Instinctive Women's individual,Ester Lindgren,Bronze,Female,Lindgren,Unknown,FIELD
1971,Freestyle Women's individual,Sonia Johansson,Gold,Female,Johansson,Unknown,FIELD
1971,Freestyle Women's individual,Maureen Bechdolt,Silver,Female,Bechdolt,Unknown,FIELD
1971,Freestyle Women's individual,Barbara Brown,Bronze,Female,Brown,Unknown,FIELD
